iterations,1,2,3,4,5,6,7,8,9,10
cell,"('status', 'runtime', 'area', 'delay', 'total_power', 'cell')","('status', 'runtime', 'area', 'delay', 'total_power', 'cell')","('status', 'runtime', 'area', 'delay', 'total_power', 'cell')","('status', 'runtime', 'area', 'delay', 'total_power', 'cell')","('status', 'runtime', 'area', 'delay', 'total_power', 'cell')","('status', 'runtime', 'area', 'delay', 'total_power', 'cell')","('status', 'runtime', 'area', 'delay', 'total_power', 'cell')","('status', 'runtime', 'area', 'delay', 'total_power', 'cell')","('status', 'runtime', 'area', 'delay', 'total_power', 'cell')","('status', 'runtime', 'area', 'delay', 'total_power', 'cell')"
(0X1),"('SAT', 95.88661050796509, 37.544, 0.11319, 1.4433423530140001e-05, (0, 1))","('SAT', 80.42770171165466, 24.4036, 0.11319, 8.493177119817e-06, (0, 1))","('UNSAT', 0.027874469757080078, -1, -1, -1, (0, 1))","('SAT', 64.06787657737732, 5.6316, 0.041962, 9.354753274238e-07, (0, 1))","('UNSAT', 0.025223970413208008, -1, -1, -1, (0, 1))","('UNSAT', 0.025555133819580078, -1, -1, -1, (0, 1))","('UNSAT', 0.02486252784729004, -1, -1, -1, (0, 1))","('UNSAT', 0.024301767349243164, -1, -1, -1, (0, 1))","('UNSAT', 0.024413585662841797, -1, -1, -1, (0, 1))","('UNSAT', 0.024701595306396484, -1, -1, -1, (0, 1))"
(1X1),"('Unexplored', None, None, None, None, (-1, -1))","('Unexplored', None, None, None, None, (-1, -1))","('UNSAT', 0.0917818546295166, -1, -1, -1, (1, 1))","('Unexplored', None, None, None, None, (-1, -1))","('SAT', 61.632877826690674, 2.8158, 0.031935, 3.976805658112e-07, (1, 1))","('UNSAT', 0.12877702713012695, -1, -1, -1, (1, 1))","('UNSAT', 0.12888503074645996, -1, -1, -1, (1, 1))","('UNSAT', 0.13341927528381348, -1, -1, -1, (1, 1))","('UNSAT', 0.12939190864562988, -1, -1, -1, (1, 1))","('UNSAT', 0.1320641040802002, -1, -1, -1, (1, 1))"
(2X1),"('Unexplored', None, None, None, None, (-1, -1))","('Unexplored', None, None, None, None, (-1, -1))","('SAT', 66.04619908332825, 12.2018, 0.061174, 2.212747403973e-06, (2, 1))","('Unexplored', None, None, None, None, (-1, -1))","('Unexplored', None, None, None, None, (-1, -1))","('SAT', 62.99342393875122, 2.8158, 0.031935, 3.976805658112e-07, (2, 1))","('SAT', 63.38477873802185, 2.8158, 0.031935, 3.976805658112e-07, (2, 1))","('SAT', 63.609192848205566, 2.8158, 0.031935, 3.976805658112e-07, (2, 1))","('SAT', 63.51038217544556, 2.8158, 0.031935, 3.976805658112e-07, (2, 1))","('SAT', 63.704200744628906, 2.8158, 0.031935, 3.976805658112e-07, (2, 1))"
(3X1),"('Unexplored', None, None, None, None, (-1, -1))","('Unexplored', None, None, None, None, (-1, -1))","('Unexplored', None, None, None, None, (-1, -1))","('Unexplored', None, None, None, None, (-1, -1))","('Unexplored', None, None, None, None, (-1, -1))","('Unexplored', None, None, None, None, (-1, -1))","('Unexplored', None, None, None, None, (-1, -1))","('Unexplored', None, None, None, None, (-1, -1))","('Unexplored', None, None, None, None, (-1, -1))","('Unexplored', None, None, None, None, (-1, -1))"
(4X1),"('Unexplored', None, None, None, None, (-1, -1))","('Unexplored', None, None, None, None, (-1, -1))","('Unexplored', None, None, None, None, (-1, -1))","('Unexplored', None, None, None, None, (-1, -1))","('Unexplored', None, None, None, None, (-1, -1))","('Unexplored', None, None, None, None, (-1, -1))","('Unexplored', None, None, None, None, (-1, -1))","('Unexplored', None, None, None, None, (-1, -1))","('Unexplored', None, None, None, None, (-1, -1))","('Unexplored', None, None, None, None, (-1, -1))"
(5X1),"('Unexplored', None, None, None, None, (-1, -1))","('Unexplored', None, None, None, None, (-1, -1))","('Unexplored', None, None, None, None, (-1, -1))","('Unexplored', None, None, None, None, (-1, -1))","('Unexplored', None, None, None, None, (-1, -1))","('Unexplored', None, None, None, None, (-1, -1))","('Unexplored', None, None, None, None, (-1, -1))","('Unexplored', None, None, None, None, (-1, -1))","('Unexplored', None, None, None, None, (-1, -1))","('Unexplored', None, None, None, None, (-1, -1))"
(6X1),"('Unexplored', None, None, None, None, (-1, -1))","('Unexplored', None, None, None, None, (-1, -1))","('Unexplored', None, None, None, None, (-1, -1))","('Unexplored', None, None, None, None, (-1, -1))","('Unexplored', None, None, None, None, (-1, -1))","('Unexplored', None, None, None, None, (-1, -1))","('Unexplored', None, None, None, None, (-1, -1))","('Unexplored', None, None, None, None, (-1, -1))","('Unexplored', None, None, None, None, (-1, -1))","('Unexplored', None, None, None, None, (-1, -1))"
(7X1),"('Unexplored', None, None, None, None, (-1, -1))","('Unexplored', None, None, None, None, (-1, -1))","('Unexplored', None, None, None, None, (-1, -1))","('Unexplored', None, None, None, None, (-1, -1))","('Unexplored', None, None, None, None, (-1, -1))","('Unexplored', None, None, None, None, (-1, -1))","('Unexplored', None, None, None, None, (-1, -1))","('Unexplored', None, None, None, None, (-1, -1))","('Unexplored', None, None, None, None, (-1, -1))","('Unexplored', None, None, None, None, (-1, -1))"
(8X1),"('Unexplored', None, None, None, None, (-1, -1))","('Unexplored', None, None, None, None, (-1, -1))","('Unexplored', None, None, None, None, (-1, -1))","('Unexplored', None, None, None, None, (-1, -1))","('Unexplored', None, None, None, None, (-1, -1))","('Unexplored', None, None, None, None, (-1, -1))","('Unexplored', None, None, None, None, (-1, -1))","('Unexplored', None, None, None, None, (-1, -1))","('Unexplored', None, None, None, None, (-1, -1))","('Unexplored', None, None, None, None, (-1, -1))"
(9X1),"('Unexplored', None, None, None, None, (-1, -1))","('Unexplored', None, None, None, None, (-1, -1))","('Unexplored', None, None, None, None, (-1, -1))","('Unexplored', None, None, None, None, (-1, -1))","('Unexplored', None, None, None, None, (-1, -1))","('Unexplored', None, None, None, None, (-1, -1))","('Unexplored', None, None, None, None, (-1, -1))","('Unexplored', None, None, None, None, (-1, -1))","('Unexplored', None, None, None, None, (-1, -1))","('Unexplored', None, None, None, None, (-1, -1))"
(10X1),"('Unexplored', None, None, None, None, (-1, -1))","('Unexplored', None, None, None, None, (-1, -1))","('Unexplored', None, None, None, None, (-1, -1))","('Unexplored', None, None, None, None, (-1, -1))","('Unexplored', None, None, None, None, (-1, -1))","('Unexplored', None, None, None, None, (-1, -1))","('Unexplored', None, None, None, None, (-1, -1))","('Unexplored', None, None, None, None, (-1, -1))","('Unexplored', None, None, None, None, (-1, -1))","('Unexplored', None, None, None, None, (-1, -1))"
(1X2),"('Unexplored', None, None, None, None, (-1, -1))","('Unexplored', None, None, None, None, (-1, -1))","('Unexplored', None, None, None, None, (-1, -1))","('Unexplored', None, None, None, None, (-1, -1))","('Unexplored', None, None, None, None, (-1, -1))","('Unexplored', None, None, None, None, (-1, -1))","('Unexplored', None, None, None, None, (-1, -1))","('Unexplored', None, None, None, None, (-1, -1))","('Unexplored', None, None, None, None, (-1, -1))","('Unexplored', None, None, None, None, (-1, -1))"
(2X2),"('Unexplored', None, None, None, None, (-1, -1))","('Unexplored', None, None, None, None, (-1, -1))","('Unexplored', None, None, None, None, (-1, -1))","('Unexplored', None, None, None, None, (-1, -1))","('Unexplored', None, None, None, None, (-1, -1))","('Unexplored', None, None, None, None, (-1, -1))","('Unexplored', None, None, None, None, (-1, -1))","('Unexplored', None, None, None, None, (-1, -1))","('Unexplored', None, None, None, None, (-1, -1))","('Unexplored', None, None, None, None, (-1, -1))"
(3X2),"('Unexplored', None, None, None, None, (-1, -1))","('Unexplored', None, None, None, None, (-1, -1))","('Unexplored', None, None, None, None, (-1, -1))","('Unexplored', None, None, None, None, (-1, -1))","('Unexplored', None, None, None, None, (-1, -1))","('Unexplored', None, None, None, None, (-1, -1))","('Unexplored', None, None, None, None, (-1, -1))","('Unexplored', None, None, None, None, (-1, -1))","('Unexplored', None, None, None, None, (-1, -1))","('Unexplored', None, None, None, None, (-1, -1))"
(4X2),"('Unexplored', None, None, None, None, (-1, -1))","('Unexplored', None, None, None, None, (-1, -1))","('Unexplored', None, None, None, None, (-1, -1))","('Unexplored', None, None, None, None, (-1, -1))","('Unexplored', None, None, None, None, (-1, -1))","('Unexplored', None, None, None, None, (-1, -1))","('Unexplored', None, None, None, None, (-1, -1))","('Unexplored', None, None, None, None, (-1, -1))","('Unexplored', None, None, None, None, (-1, -1))","('Unexplored', None, None, None, None, (-1, -1))"
(5X2),"('Unexplored', None, None, None, None, (-1, -1))","('Unexplored', None, None, None, None, (-1, -1))","('Unexplored', None, None, None, None, (-1, -1))","('Unexplored', None, None, None, None, (-1, -1))","('Unexplored', None, None, None, None, (-1, -1))","('Unexplored', None, None, None, None, (-1, -1))","('Unexplored', None, None, None, None, (-1, -1))","('Unexplored', None, None, None, None, (-1, -1))","('Unexplored', None, None, None, None, (-1, -1))","('Unexplored', None, None, None, None, (-1, -1))"
(6X2),"('Unexplored', None, None, None, None, (-1, -1))","('Unexplored', None, None, None, None, (-1, -1))","('Unexplored', None, None, None, None, (-1, -1))","('Unexplored', None, None, None, None, (-1, -1))","('Unexplored', None, None, None, None, (-1, -1))","('Unexplored', None, None, None, None, (-1, -1))","('Unexplored', None, None, None, None, (-1, -1))","('Unexplored', None, None, None, None, (-1, -1))","('Unexplored', None, None, None, None, (-1, -1))","('Unexplored', None, None, None, None, (-1, -1))"
(7X2),"('Unexplored', None, None, None, None, (-1, -1))","('Unexplored', None, None, None, None, (-1, -1))","('Unexplored', None, None, None, None, (-1, -1))","('Unexplored', None, None, None, None, (-1, -1))","('Unexplored', None, None, None, None, (-1, -1))","('Unexplored', None, None, None, None, (-1, -1))","('Unexplored', None, None, None, None, (-1, -1))","('Unexplored', None, None, None, None, (-1, -1))","('Unexplored', None, None, None, None, (-1, -1))","('Unexplored', None, None, None, None, (-1, -1))"
(8X2),"('Unexplored', None, None, None, None, (-1, -1))","('Unexplored', None, None, None, None, (-1, -1))","('Unexplored', None, None, None, None, (-1, -1))","('Unexplored', None, None, None, None, (-1, -1))","('Unexplored', None, None, None, None, (-1, -1))","('Unexplored', None, None, None, None, (-1, -1))","('Unexplored', None, None, None, None, (-1, -1))","('Unexplored', None, None, None, None, (-1, -1))","('Unexplored', None, None, None, None, (-1, -1))","('Unexplored', None, None, None, None, (-1, -1))"
(9X2),"('Unexplored', None, None, None, None, (-1, -1))","('Unexplored', None, None, None, None, (-1, -1))","('Unexplored', None, None, None, None, (-1, -1))","('Unexplored', None, None, None, None, (-1, -1))","('Unexplored', None, None, None, None, (-1, -1))","('Unexplored', None, None, None, None, (-1, -1))","('Unexplored', None, None, None, None, (-1, -1))","('Unexplored', None, None, None, None, (-1, -1))","('Unexplored', None, None, None, None, (-1, -1))","('Unexplored', None, None, None, None, (-1, -1))"
(10X2),"('Unexplored', None, None, None, None, (-1, -1))","('Unexplored', None, None, None, None, (-1, -1))","('Unexplored', None, None, None, None, (-1, -1))","('Unexplored', None, None, None, None, (-1, -1))","('Unexplored', None, None, None, None, (-1, -1))","('Unexplored', None, None, None, None, (-1, -1))","('Unexplored', None, None, None, None, (-1, -1))","('Unexplored', None, None, None, None, (-1, -1))","('Unexplored', None, None, None, None, (-1, -1))","('Unexplored', None, None, None, None, (-1, -1))"
(1X3),"('Unexplored', None, None, None, None, (-1, -1))","('Unexplored', None, None, None, None, (-1, -1))","('Unexplored', None, None, None, None, (-1, -1))","('Unexplored', None, None, None, None, (-1, -1))","('Unexplored', None, None, None, None, (-1, -1))","('Unexplored', None, None, None, None, (-1, -1))","('Unexplored', None, None, None, None, (-1, -1))","('Unexplored', None, None, None, None, (-1, -1))","('Unexplored', None, None, None, None, (-1, -1))","('Unexplored', None, None, None, None, (-1, -1))"
(2X3),"('Unexplored', None, None, None, None, (-1, -1))","('Unexplored', None, None, None, None, (-1, -1))","('Unexplored', None, None, None, None, (-1, -1))","('Unexplored', None, None, None, None, (-1, -1))","('Unexplored', None, None, None, None, (-1, -1))","('Unexplored', None, None, None, None, (-1, -1))","('Unexplored', None, None, None, None, (-1, -1))","('Unexplored', None, None, None, None, (-1, -1))","('Unexplored', None, None, None, None, (-1, -1))","('Unexplored', None, None, None, None, (-1, -1))"
(3X3),"('Unexplored', None, None, None, None, (-1, -1))","('Unexplored', None, None, None, None, (-1, -1))","('Unexplored', None, None, None, None, (-1, -1))","('Unexplored', None, None, None, None, (-1, -1))","('Unexplored', None, None, None, None, (-1, -1))","('Unexplored', None, None, None, None, (-1, -1))","('Unexplored', None, None, None, None, (-1, -1))","('Unexplored', None, None, None, None, (-1, -1))","('Unexplored', None, None, None, None, (-1, -1))","('Unexplored', None, None, None, None, (-1, -1))"
(4X3),"('Unexplored', None, None, None, None, (-1, -1))","('Unexplored', None, None, None, None, (-1, -1))","('Unexplored', None, None, None, None, (-1, -1))","('Unexplored', None, None, None, None, (-1, -1))","('Unexplored', None, None, None, None, (-1, -1))","('Unexplored', None, None, None, None, (-1, -1))","('Unexplored', None, None, None, None, (-1, -1))","('Unexplored', None, None, None, None, (-1, -1))","('Unexplored', None, None, None, None, (-1, -1))","('Unexplored', None, None, None, None, (-1, -1))"
(5X3),"('Unexplored', None, None, None, None, (-1, -1))","('Unexplored', None, None, None, None, (-1, -1))","('Unexplored', None, None, None, None, (-1, -1))","('Unexplored', None, None, None, None, (-1, -1))","('Unexplored', None, None, None, None, (-1, -1))","('Unexplored', None, None, None, None, (-1, -1))","('Unexplored', None, None, None, None, (-1, -1))","('Unexplored', None, None, None, None, (-1, -1))","('Unexplored', None, None, None, None, (-1, -1))","('Unexplored', None, None, None, None, (-1, -1))"
(6X3),"('Unexplored', None, None, None, None, (-1, -1))","('Unexplored', None, None, None, None, (-1, -1))","('Unexplored', None, None, None, None, (-1, -1))","('Unexplored', None, None, None, None, (-1, -1))","('Unexplored', None, None, None, None, (-1, -1))","('Unexplored', None, None, None, None, (-1, -1))","('Unexplored', None, None, None, None, (-1, -1))","('Unexplored', None, None, None, None, (-1, -1))","('Unexplored', None, None, None, None, (-1, -1))","('Unexplored', None, None, None, None, (-1, -1))"
(7X3),"('Unexplored', None, None, None, None, (-1, -1))","('Unexplored', None, None, None, None, (-1, -1))","('Unexplored', None, None, None, None, (-1, -1))","('Unexplored', None, None, None, None, (-1, -1))","('Unexplored', None, None, None, None, (-1, -1))","('Unexplored', None, None, None, None, (-1, -1))","('Unexplored', None, None, None, None, (-1, -1))","('Unexplored', None, None, None, None, (-1, -1))","('Unexplored', None, None, None, None, (-1, -1))","('Unexplored', None, None, None, None, (-1, -1))"
(8X3),"('Unexplored', None, None, None, None, (-1, -1))","('Unexplored', None, None, None, None, (-1, -1))","('Unexplored', None, None, None, None, (-1, -1))","('Unexplored', None, None, None, None, (-1, -1))","('Unexplored', None, None, None, None, (-1, -1))","('Unexplored', None, None, None, None, (-1, -1))","('Unexplored', None, None, None, None, (-1, -1))","('Unexplored', None, None, None, None, (-1, -1))","('Unexplored', None, None, None, None, (-1, -1))","('Unexplored', None, None, None, None, (-1, -1))"
(9X3),"('Unexplored', None, None, None, None, (-1, -1))","('Unexplored', None, None, None, None, (-1, -1))","('Unexplored', None, None, None, None, (-1, -1))","('Unexplored', None, None, None, None, (-1, -1))","('Unexplored', None, None, None, None, (-1, -1))","('Unexplored', None, None, None, None, (-1, -1))","('Unexplored', None, None, None, None, (-1, -1))","('Unexplored', None, None, None, None, (-1, -1))","('Unexplored', None, None, None, None, (-1, -1))","('Unexplored', None, None, None, None, (-1, -1))"
(10X3),"('Unexplored', None, None, None, None, (-1, -1))","('Unexplored', None, None, None, None, (-1, -1))","('Unexplored', None, None, None, None, (-1, -1))","('Unexplored', None, None, None, None, (-1, -1))","('Unexplored', None, None, None, None, (-1, -1))","('Unexplored', None, None, None, None, (-1, -1))","('Unexplored', None, None, None, None, (-1, -1))","('Unexplored', None, None, None, None, (-1, -1))","('Unexplored', None, None, None, None, (-1, -1))","('Unexplored', None, None, None, None, (-1, -1))"
(1X4),"('Unexplored', None, None, None, None, (-1, -1))","('Unexplored', None, None, None, None, (-1, -1))","('Unexplored', None, None, None, None, (-1, -1))","('Unexplored', None, None, None, None, (-1, -1))","('Unexplored', None, None, None, None, (-1, -1))","('Unexplored', None, None, None, None, (-1, -1))","('Unexplored', None, None, None, None, (-1, -1))","('Unexplored', None, None, None, None, (-1, -1))","('Unexplored', None, None, None, None, (-1, -1))","('Unexplored', None, None, None, None, (-1, -1))"
(2X4),"('Unexplored', None, None, None, None, (-1, -1))","('Unexplored', None, None, None, None, (-1, -1))","('Unexplored', None, None, None, None, (-1, -1))","('Unexplored', None, None, None, None, (-1, -1))","('Unexplored', None, None, None, None, (-1, -1))","('Unexplored', None, None, None, None, (-1, -1))","('Unexplored', None, None, None, None, (-1, -1))","('Unexplored', None, None, None, None, (-1, -1))","('Unexplored', None, None, None, None, (-1, -1))","('Unexplored', None, None, None, None, (-1, -1))"
(3X4),"('Unexplored', None, None, None, None, (-1, -1))","('Unexplored', None, None, None, None, (-1, -1))","('Unexplored', None, None, None, None, (-1, -1))","('Unexplored', None, None, None, None, (-1, -1))","('Unexplored', None, None, None, None, (-1, -1))","('Unexplored', None, None, None, None, (-1, -1))","('Unexplored', None, None, None, None, (-1, -1))","('Unexplored', None, None, None, None, (-1, -1))","('Unexplored', None, None, None, None, (-1, -1))","('Unexplored', None, None, None, None, (-1, -1))"
(4X4),"('Unexplored', None, None, None, None, (-1, -1))","('Unexplored', None, None, None, None, (-1, -1))","('Unexplored', None, None, None, None, (-1, -1))","('Unexplored', None, None, None, None, (-1, -1))","('Unexplored', None, None, None, None, (-1, -1))","('Unexplored', None, None, None, None, (-1, -1))","('Unexplored', None, None, None, None, (-1, -1))","('Unexplored', None, None, None, None, (-1, -1))","('Unexplored', None, None, None, None, (-1, -1))","('Unexplored', None, None, None, None, (-1, -1))"
(5X4),"('Unexplored', None, None, None, None, (-1, -1))","('Unexplored', None, None, None, None, (-1, -1))","('Unexplored', None, None, None, None, (-1, -1))","('Unexplored', None, None, None, None, (-1, -1))","('Unexplored', None, None, None, None, (-1, -1))","('Unexplored', None, None, None, None, (-1, -1))","('Unexplored', None, None, None, None, (-1, -1))","('Unexplored', None, None, None, None, (-1, -1))","('Unexplored', None, None, None, None, (-1, -1))","('Unexplored', None, None, None, None, (-1, -1))"
(6X4),"('Unexplored', None, None, None, None, (-1, -1))","('Unexplored', None, None, None, None, (-1, -1))","('Unexplored', None, None, None, None, (-1, -1))","('Unexplored', None, None, None, None, (-1, -1))","('Unexplored', None, None, None, None, (-1, -1))","('Unexplored', None, None, None, None, (-1, -1))","('Unexplored', None, None, None, None, (-1, -1))","('Unexplored', None, None, None, None, (-1, -1))","('Unexplored', None, None, None, None, (-1, -1))","('Unexplored', None, None, None, None, (-1, -1))"
(7X4),"('Unexplored', None, None, None, None, (-1, -1))","('Unexplored', None, None, None, None, (-1, -1))","('Unexplored', None, None, None, None, (-1, -1))","('Unexplored', None, None, None, None, (-1, -1))","('Unexplored', None, None, None, None, (-1, -1))","('Unexplored', None, None, None, None, (-1, -1))","('Unexplored', None, None, None, None, (-1, -1))","('Unexplored', None, None, None, None, (-1, -1))","('Unexplored', None, None, None, None, (-1, -1))","('Unexplored', None, None, None, None, (-1, -1))"
(8X4),"('Unexplored', None, None, None, None, (-1, -1))","('Unexplored', None, None, None, None, (-1, -1))","('Unexplored', None, None, None, None, (-1, -1))","('Unexplored', None, None, None, None, (-1, -1))","('Unexplored', None, None, None, None, (-1, -1))","('Unexplored', None, None, None, None, (-1, -1))","('Unexplored', None, None, None, None, (-1, -1))","('Unexplored', None, None, None, None, (-1, -1))","('Unexplored', None, None, None, None, (-1, -1))","('Unexplored', None, None, None, None, (-1, -1))"
(9X4),"('Unexplored', None, None, None, None, (-1, -1))","('Unexplored', None, None, None, None, (-1, -1))","('Unexplored', None, None, None, None, (-1, -1))","('Unexplored', None, None, None, None, (-1, -1))","('Unexplored', None, None, None, None, (-1, -1))","('Unexplored', None, None, None, None, (-1, -1))","('Unexplored', None, None, None, None, (-1, -1))","('Unexplored', None, None, None, None, (-1, -1))","('Unexplored', None, None, None, None, (-1, -1))","('Unexplored', None, None, None, None, (-1, -1))"
(10X4),"('Unexplored', None, None, None, None, (-1, -1))","('Unexplored', None, None, None, None, (-1, -1))","('Unexplored', None, None, None, None, (-1, -1))","('Unexplored', None, None, None, None, (-1, -1))","('Unexplored', None, None, None, None, (-1, -1))","('Unexplored', None, None, None, None, (-1, -1))","('Unexplored', None, None, None, None, (-1, -1))","('Unexplored', None, None, None, None, (-1, -1))","('Unexplored', None, None, None, None, (-1, -1))","('Unexplored', None, None, None, None, (-1, -1))"
(1X5),"('Unexplored', None, None, None, None, (-1, -1))","('Unexplored', None, None, None, None, (-1, -1))","('Unexplored', None, None, None, None, (-1, -1))","('Unexplored', None, None, None, None, (-1, -1))","('Unexplored', None, None, None, None, (-1, -1))","('Unexplored', None, None, None, None, (-1, -1))","('Unexplored', None, None, None, None, (-1, -1))","('Unexplored', None, None, None, None, (-1, -1))","('Unexplored', None, None, None, None, (-1, -1))","('Unexplored', None, None, None, None, (-1, -1))"
(2X5),"('Unexplored', None, None, None, None, (-1, -1))","('Unexplored', None, None, None, None, (-1, -1))","('Unexplored', None, None, None, None, (-1, -1))","('Unexplored', None, None, None, None, (-1, -1))","('Unexplored', None, None, None, None, (-1, -1))","('Unexplored', None, None, None, None, (-1, -1))","('Unexplored', None, None, None, None, (-1, -1))","('Unexplored', None, None, None, None, (-1, -1))","('Unexplored', None, None, None, None, (-1, -1))","('Unexplored', None, None, None, None, (-1, -1))"
(3X5),"('Unexplored', None, None, None, None, (-1, -1))","('Unexplored', None, None, None, None, (-1, -1))","('Unexplored', None, None, None, None, (-1, -1))","('Unexplored', None, None, None, None, (-1, -1))","('Unexplored', None, None, None, None, (-1, -1))","('Unexplored', None, None, None, None, (-1, -1))","('Unexplored', None, None, None, None, (-1, -1))","('Unexplored', None, None, None, None, (-1, -1))","('Unexplored', None, None, None, None, (-1, -1))","('Unexplored', None, None, None, None, (-1, -1))"
(4X5),"('Unexplored', None, None, None, None, (-1, -1))","('Unexplored', None, None, None, None, (-1, -1))","('Unexplored', None, None, None, None, (-1, -1))","('Unexplored', None, None, None, None, (-1, -1))","('Unexplored', None, None, None, None, (-1, -1))","('Unexplored', None, None, None, None, (-1, -1))","('Unexplored', None, None, None, None, (-1, -1))","('Unexplored', None, None, None, None, (-1, -1))","('Unexplored', None, None, None, None, (-1, -1))","('Unexplored', None, None, None, None, (-1, -1))"
(5X5),"('Unexplored', None, None, None, None, (-1, -1))","('Unexplored', None, None, None, None, (-1, -1))","('Unexplored', None, None, None, None, (-1, -1))","('Unexplored', None, None, None, None, (-1, -1))","('Unexplored', None, None, None, None, (-1, -1))","('Unexplored', None, None, None, None, (-1, -1))","('Unexplored', None, None, None, None, (-1, -1))","('Unexplored', None, None, None, None, (-1, -1))","('Unexplored', None, None, None, None, (-1, -1))","('Unexplored', None, None, None, None, (-1, -1))"
(6X5),"('Unexplored', None, None, None, None, (-1, -1))","('Unexplored', None, None, None, None, (-1, -1))","('Unexplored', None, None, None, None, (-1, -1))","('Unexplored', None, None, None, None, (-1, -1))","('Unexplored', None, None, None, None, (-1, -1))","('Unexplored', None, None, None, None, (-1, -1))","('Unexplored', None, None, None, None, (-1, -1))","('Unexplored', None, None, None, None, (-1, -1))","('Unexplored', None, None, None, None, (-1, -1))","('Unexplored', None, None, None, None, (-1, -1))"
(7X5),"('Unexplored', None, None, None, None, (-1, -1))","('Unexplored', None, None, None, None, (-1, -1))","('Unexplored', None, None, None, None, (-1, -1))","('Unexplored', None, None, None, None, (-1, -1))","('Unexplored', None, None, None, None, (-1, -1))","('Unexplored', None, None, None, None, (-1, -1))","('Unexplored', None, None, None, None, (-1, -1))","('Unexplored', None, None, None, None, (-1, -1))","('Unexplored', None, None, None, None, (-1, -1))","('Unexplored', None, None, None, None, (-1, -1))"
(8X5),"('Unexplored', None, None, None, None, (-1, -1))","('Unexplored', None, None, None, None, (-1, -1))","('Unexplored', None, None, None, None, (-1, -1))","('Unexplored', None, None, None, None, (-1, -1))","('Unexplored', None, None, None, None, (-1, -1))","('Unexplored', None, None, None, None, (-1, -1))","('Unexplored', None, None, None, None, (-1, -1))","('Unexplored', None, None, None, None, (-1, -1))","('Unexplored', None, None, None, None, (-1, -1))","('Unexplored', None, None, None, None, (-1, -1))"
(9X5),"('Unexplored', None, None, None, None, (-1, -1))","('Unexplored', None, None, None, None, (-1, -1))","('Unexplored', None, None, None, None, (-1, -1))","('Unexplored', None, None, None, None, (-1, -1))","('Unexplored', None, None, None, None, (-1, -1))","('Unexplored', None, None, None, None, (-1, -1))","('Unexplored', None, None, None, None, (-1, -1))","('Unexplored', None, None, None, None, (-1, -1))","('Unexplored', None, None, None, None, (-1, -1))","('Unexplored', None, None, None, None, (-1, -1))"
(10X5),"('Unexplored', None, None, None, None, (-1, -1))","('Unexplored', None, None, None, None, (-1, -1))","('Unexplored', None, None, None, None, (-1, -1))","('Unexplored', None, None, None, None, (-1, -1))","('Unexplored', None, None, None, None, (-1, -1))","('Unexplored', None, None, None, None, (-1, -1))","('Unexplored', None, None, None, None, (-1, -1))","('Unexplored', None, None, None, None, (-1, -1))","('Unexplored', None, None, None, None, (-1, -1))","('Unexplored', None, None, None, None, (-1, -1))"
(1X6),"('Unexplored', None, None, None, None, (-1, -1))","('Unexplored', None, None, None, None, (-1, -1))","('Unexplored', None, None, None, None, (-1, -1))","('Unexplored', None, None, None, None, (-1, -1))","('Unexplored', None, None, None, None, (-1, -1))","('Unexplored', None, None, None, None, (-1, -1))","('Unexplored', None, None, None, None, (-1, -1))","('Unexplored', None, None, None, None, (-1, -1))","('Unexplored', None, None, None, None, (-1, -1))","('Unexplored', None, None, None, None, (-1, -1))"
(2X6),"('Unexplored', None, None, None, None, (-1, -1))","('Unexplored', None, None, None, None, (-1, -1))","('Unexplored', None, None, None, None, (-1, -1))","('Unexplored', None, None, None, None, (-1, -1))","('Unexplored', None, None, None, None, (-1, -1))","('Unexplored', None, None, None, None, (-1, -1))","('Unexplored', None, None, None, None, (-1, -1))","('Unexplored', None, None, None, None, (-1, -1))","('Unexplored', None, None, None, None, (-1, -1))","('Unexplored', None, None, None, None, (-1, -1))"
(3X6),"('Unexplored', None, None, None, None, (-1, -1))","('Unexplored', None, None, None, None, (-1, -1))","('Unexplored', None, None, None, None, (-1, -1))","('Unexplored', None, None, None, None, (-1, -1))","('Unexplored', None, None, None, None, (-1, -1))","('Unexplored', None, None, None, None, (-1, -1))","('Unexplored', None, None, None, None, (-1, -1))","('Unexplored', None, None, None, None, (-1, -1))","('Unexplored', None, None, None, None, (-1, -1))","('Unexplored', None, None, None, None, (-1, -1))"
(4X6),"('Unexplored', None, None, None, None, (-1, -1))","('Unexplored', None, None, None, None, (-1, -1))","('Unexplored', None, None, None, None, (-1, -1))","('Unexplored', None, None, None, None, (-1, -1))","('Unexplored', None, None, None, None, (-1, -1))","('Unexplored', None, None, None, None, (-1, -1))","('Unexplored', None, None, None, None, (-1, -1))","('Unexplored', None, None, None, None, (-1, -1))","('Unexplored', None, None, None, None, (-1, -1))","('Unexplored', None, None, None, None, (-1, -1))"
(5X6),"('Unexplored', None, None, None, None, (-1, -1))","('Unexplored', None, None, None, None, (-1, -1))","('Unexplored', None, None, None, None, (-1, -1))","('Unexplored', None, None, None, None, (-1, -1))","('Unexplored', None, None, None, None, (-1, -1))","('Unexplored', None, None, None, None, (-1, -1))","('Unexplored', None, None, None, None, (-1, -1))","('Unexplored', None, None, None, None, (-1, -1))","('Unexplored', None, None, None, None, (-1, -1))","('Unexplored', None, None, None, None, (-1, -1))"
(6X6),"('Unexplored', None, None, None, None, (-1, -1))","('Unexplored', None, None, None, None, (-1, -1))","('Unexplored', None, None, None, None, (-1, -1))","('Unexplored', None, None, None, None, (-1, -1))","('Unexplored', None, None, None, None, (-1, -1))","('Unexplored', None, None, None, None, (-1, -1))","('Unexplored', None, None, None, None, (-1, -1))","('Unexplored', None, None, None, None, (-1, -1))","('Unexplored', None, None, None, None, (-1, -1))","('Unexplored', None, None, None, None, (-1, -1))"
(7X6),"('Unexplored', None, None, None, None, (-1, -1))","('Unexplored', None, None, None, None, (-1, -1))","('Unexplored', None, None, None, None, (-1, -1))","('Unexplored', None, None, None, None, (-1, -1))","('Unexplored', None, None, None, None, (-1, -1))","('Unexplored', None, None, None, None, (-1, -1))","('Unexplored', None, None, None, None, (-1, -1))","('Unexplored', None, None, None, None, (-1, -1))","('Unexplored', None, None, None, None, (-1, -1))","('Unexplored', None, None, None, None, (-1, -1))"
(8X6),"('Unexplored', None, None, None, None, (-1, -1))","('Unexplored', None, None, None, None, (-1, -1))","('Unexplored', None, None, None, None, (-1, -1))","('Unexplored', None, None, None, None, (-1, -1))","('Unexplored', None, None, None, None, (-1, -1))","('Unexplored', None, None, None, None, (-1, -1))","('Unexplored', None, None, None, None, (-1, -1))","('Unexplored', None, None, None, None, (-1, -1))","('Unexplored', None, None, None, None, (-1, -1))","('Unexplored', None, None, None, None, (-1, -1))"
(9X6),"('Unexplored', None, None, None, None, (-1, -1))","('Unexplored', None, None, None, None, (-1, -1))","('Unexplored', None, None, None, None, (-1, -1))","('Unexplored', None, None, None, None, (-1, -1))","('Unexplored', None, None, None, None, (-1, -1))","('Unexplored', None, None, None, None, (-1, -1))","('Unexplored', None, None, None, None, (-1, -1))","('Unexplored', None, None, None, None, (-1, -1))","('Unexplored', None, None, None, None, (-1, -1))","('Unexplored', None, None, None, None, (-1, -1))"
(10X6),"('Unexplored', None, None, None, None, (-1, -1))","('Unexplored', None, None, None, None, (-1, -1))","('Unexplored', None, None, None, None, (-1, -1))","('Unexplored', None, None, None, None, (-1, -1))","('Unexplored', None, None, None, None, (-1, -1))","('Unexplored', None, None, None, None, (-1, -1))","('Unexplored', None, None, None, None, (-1, -1))","('Unexplored', None, None, None, None, (-1, -1))","('Unexplored', None, None, None, None, (-1, -1))","('Unexplored', None, None, None, None, (-1, -1))"
(1X7),"('Unexplored', None, None, None, None, (-1, -1))","('Unexplored', None, None, None, None, (-1, -1))","('Unexplored', None, None, None, None, (-1, -1))","('Unexplored', None, None, None, None, (-1, -1))","('Unexplored', None, None, None, None, (-1, -1))","('Unexplored', None, None, None, None, (-1, -1))","('Unexplored', None, None, None, None, (-1, -1))","('Unexplored', None, None, None, None, (-1, -1))","('Unexplored', None, None, None, None, (-1, -1))","('Unexplored', None, None, None, None, (-1, -1))"
(2X7),"('Unexplored', None, None, None, None, (-1, -1))","('Unexplored', None, None, None, None, (-1, -1))","('Unexplored', None, None, None, None, (-1, -1))","('Unexplored', None, None, None, None, (-1, -1))","('Unexplored', None, None, None, None, (-1, -1))","('Unexplored', None, None, None, None, (-1, -1))","('Unexplored', None, None, None, None, (-1, -1))","('Unexplored', None, None, None, None, (-1, -1))","('Unexplored', None, None, None, None, (-1, -1))","('Unexplored', None, None, None, None, (-1, -1))"
(3X7),"('Unexplored', None, None, None, None, (-1, -1))","('Unexplored', None, None, None, None, (-1, -1))","('Unexplored', None, None, None, None, (-1, -1))","('Unexplored', None, None, None, None, (-1, -1))","('Unexplored', None, None, None, None, (-1, -1))","('Unexplored', None, None, None, None, (-1, -1))","('Unexplored', None, None, None, None, (-1, -1))","('Unexplored', None, None, None, None, (-1, -1))","('Unexplored', None, None, None, None, (-1, -1))","('Unexplored', None, None, None, None, (-1, -1))"
(4X7),"('Unexplored', None, None, None, None, (-1, -1))","('Unexplored', None, None, None, None, (-1, -1))","('Unexplored', None, None, None, None, (-1, -1))","('Unexplored', None, None, None, None, (-1, -1))","('Unexplored', None, None, None, None, (-1, -1))","('Unexplored', None, None, None, None, (-1, -1))","('Unexplored', None, None, None, None, (-1, -1))","('Unexplored', None, None, None, None, (-1, -1))","('Unexplored', None, None, None, None, (-1, -1))","('Unexplored', None, None, None, None, (-1, -1))"
(5X7),"('Unexplored', None, None, None, None, (-1, -1))","('Unexplored', None, None, None, None, (-1, -1))","('Unexplored', None, None, None, None, (-1, -1))","('Unexplored', None, None, None, None, (-1, -1))","('Unexplored', None, None, None, None, (-1, -1))","('Unexplored', None, None, None, None, (-1, -1))","('Unexplored', None, None, None, None, (-1, -1))","('Unexplored', None, None, None, None, (-1, -1))","('Unexplored', None, None, None, None, (-1, -1))","('Unexplored', None, None, None, None, (-1, -1))"
(6X7),"('Unexplored', None, None, None, None, (-1, -1))","('Unexplored', None, None, None, None, (-1, -1))","('Unexplored', None, None, None, None, (-1, -1))","('Unexplored', None, None, None, None, (-1, -1))","('Unexplored', None, None, None, None, (-1, -1))","('Unexplored', None, None, None, None, (-1, -1))","('Unexplored', None, None, None, None, (-1, -1))","('Unexplored', None, None, None, None, (-1, -1))","('Unexplored', None, None, None, None, (-1, -1))","('Unexplored', None, None, None, None, (-1, -1))"
(7X7),"('Unexplored', None, None, None, None, (-1, -1))","('Unexplored', None, None, None, None, (-1, -1))","('Unexplored', None, None, None, None, (-1, -1))","('Unexplored', None, None, None, None, (-1, -1))","('Unexplored', None, None, None, None, (-1, -1))","('Unexplored', None, None, None, None, (-1, -1))","('Unexplored', None, None, None, None, (-1, -1))","('Unexplored', None, None, None, None, (-1, -1))","('Unexplored', None, None, None, None, (-1, -1))","('Unexplored', None, None, None, None, (-1, -1))"
(8X7),"('Unexplored', None, None, None, None, (-1, -1))","('Unexplored', None, None, None, None, (-1, -1))","('Unexplored', None, None, None, None, (-1, -1))","('Unexplored', None, None, None, None, (-1, -1))","('Unexplored', None, None, None, None, (-1, -1))","('Unexplored', None, None, None, None, (-1, -1))","('Unexplored', None, None, None, None, (-1, -1))","('Unexplored', None, None, None, None, (-1, -1))","('Unexplored', None, None, None, None, (-1, -1))","('Unexplored', None, None, None, None, (-1, -1))"
(9X7),"('Unexplored', None, None, None, None, (-1, -1))","('Unexplored', None, None, None, None, (-1, -1))","('Unexplored', None, None, None, None, (-1, -1))","('Unexplored', None, None, None, None, (-1, -1))","('Unexplored', None, None, None, None, (-1, -1))","('Unexplored', None, None, None, None, (-1, -1))","('Unexplored', None, None, None, None, (-1, -1))","('Unexplored', None, None, None, None, (-1, -1))","('Unexplored', None, None, None, None, (-1, -1))","('Unexplored', None, None, None, None, (-1, -1))"
(10X7),"('Unexplored', None, None, None, None, (-1, -1))","('Unexplored', None, None, None, None, (-1, -1))","('Unexplored', None, None, None, None, (-1, -1))","('Unexplored', None, None, None, None, (-1, -1))","('Unexplored', None, None, None, None, (-1, -1))","('Unexplored', None, None, None, None, (-1, -1))","('Unexplored', None, None, None, None, (-1, -1))","('Unexplored', None, None, None, None, (-1, -1))","('Unexplored', None, None, None, None, (-1, -1))","('Unexplored', None, None, None, None, (-1, -1))"
(1X8),"('Unexplored', None, None, None, None, (-1, -1))","('Unexplored', None, None, None, None, (-1, -1))","('Unexplored', None, None, None, None, (-1, -1))","('Unexplored', None, None, None, None, (-1, -1))","('Unexplored', None, None, None, None, (-1, -1))","('Unexplored', None, None, None, None, (-1, -1))","('Unexplored', None, None, None, None, (-1, -1))","('Unexplored', None, None, None, None, (-1, -1))","('Unexplored', None, None, None, None, (-1, -1))","('Unexplored', None, None, None, None, (-1, -1))"
(2X8),"('Unexplored', None, None, None, None, (-1, -1))","('Unexplored', None, None, None, None, (-1, -1))","('Unexplored', None, None, None, None, (-1, -1))","('Unexplored', None, None, None, None, (-1, -1))","('Unexplored', None, None, None, None, (-1, -1))","('Unexplored', None, None, None, None, (-1, -1))","('Unexplored', None, None, None, None, (-1, -1))","('Unexplored', None, None, None, None, (-1, -1))","('Unexplored', None, None, None, None, (-1, -1))","('Unexplored', None, None, None, None, (-1, -1))"
(3X8),"('Unexplored', None, None, None, None, (-1, -1))","('Unexplored', None, None, None, None, (-1, -1))","('Unexplored', None, None, None, None, (-1, -1))","('Unexplored', None, None, None, None, (-1, -1))","('Unexplored', None, None, None, None, (-1, -1))","('Unexplored', None, None, None, None, (-1, -1))","('Unexplored', None, None, None, None, (-1, -1))","('Unexplored', None, None, None, None, (-1, -1))","('Unexplored', None, None, None, None, (-1, -1))","('Unexplored', None, None, None, None, (-1, -1))"
(4X8),"('Unexplored', None, None, None, None, (-1, -1))","('Unexplored', None, None, None, None, (-1, -1))","('Unexplored', None, None, None, None, (-1, -1))","('Unexplored', None, None, None, None, (-1, -1))","('Unexplored', None, None, None, None, (-1, -1))","('Unexplored', None, None, None, None, (-1, -1))","('Unexplored', None, None, None, None, (-1, -1))","('Unexplored', None, None, None, None, (-1, -1))","('Unexplored', None, None, None, None, (-1, -1))","('Unexplored', None, None, None, None, (-1, -1))"
(5X8),"('Unexplored', None, None, None, None, (-1, -1))","('Unexplored', None, None, None, None, (-1, -1))","('Unexplored', None, None, None, None, (-1, -1))","('Unexplored', None, None, None, None, (-1, -1))","('Unexplored', None, None, None, None, (-1, -1))","('Unexplored', None, None, None, None, (-1, -1))","('Unexplored', None, None, None, None, (-1, -1))","('Unexplored', None, None, None, None, (-1, -1))","('Unexplored', None, None, None, None, (-1, -1))","('Unexplored', None, None, None, None, (-1, -1))"
(6X8),"('Unexplored', None, None, None, None, (-1, -1))","('Unexplored', None, None, None, None, (-1, -1))","('Unexplored', None, None, None, None, (-1, -1))","('Unexplored', None, None, None, None, (-1, -1))","('Unexplored', None, None, None, None, (-1, -1))","('Unexplored', None, None, None, None, (-1, -1))","('Unexplored', None, None, None, None, (-1, -1))","('Unexplored', None, None, None, None, (-1, -1))","('Unexplored', None, None, None, None, (-1, -1))","('Unexplored', None, None, None, None, (-1, -1))"
(7X8),"('Unexplored', None, None, None, None, (-1, -1))","('Unexplored', None, None, None, None, (-1, -1))","('Unexplored', None, None, None, None, (-1, -1))","('Unexplored', None, None, None, None, (-1, -1))","('Unexplored', None, None, None, None, (-1, -1))","('Unexplored', None, None, None, None, (-1, -1))","('Unexplored', None, None, None, None, (-1, -1))","('Unexplored', None, None, None, None, (-1, -1))","('Unexplored', None, None, None, None, (-1, -1))","('Unexplored', None, None, None, None, (-1, -1))"
(8X8),"('Unexplored', None, None, None, None, (-1, -1))","('Unexplored', None, None, None, None, (-1, -1))","('Unexplored', None, None, None, None, (-1, -1))","('Unexplored', None, None, None, None, (-1, -1))","('Unexplored', None, None, None, None, (-1, -1))","('Unexplored', None, None, None, None, (-1, -1))","('Unexplored', None, None, None, None, (-1, -1))","('Unexplored', None, None, None, None, (-1, -1))","('Unexplored', None, None, None, None, (-1, -1))","('Unexplored', None, None, None, None, (-1, -1))"
(9X8),"('Unexplored', None, None, None, None, (-1, -1))","('Unexplored', None, None, None, None, (-1, -1))","('Unexplored', None, None, None, None, (-1, -1))","('Unexplored', None, None, None, None, (-1, -1))","('Unexplored', None, None, None, None, (-1, -1))","('Unexplored', None, None, None, None, (-1, -1))","('Unexplored', None, None, None, None, (-1, -1))","('Unexplored', None, None, None, None, (-1, -1))","('Unexplored', None, None, None, None, (-1, -1))","('Unexplored', None, None, None, None, (-1, -1))"
(10X8),"('Unexplored', None, None, None, None, (-1, -1))","('Unexplored', None, None, None, None, (-1, -1))","('Unexplored', None, None, None, None, (-1, -1))","('Unexplored', None, None, None, None, (-1, -1))","('Unexplored', None, None, None, None, (-1, -1))","('Unexplored', None, None, None, None, (-1, -1))","('Unexplored', None, None, None, None, (-1, -1))","('Unexplored', None, None, None, None, (-1, -1))","('Unexplored', None, None, None, None, (-1, -1))","('Unexplored', None, None, None, None, (-1, -1))"
(1X9),"('Unexplored', None, None, None, None, (-1, -1))","('Unexplored', None, None, None, None, (-1, -1))","('Unexplored', None, None, None, None, (-1, -1))","('Unexplored', None, None, None, None, (-1, -1))","('Unexplored', None, None, None, None, (-1, -1))","('Unexplored', None, None, None, None, (-1, -1))","('Unexplored', None, None, None, None, (-1, -1))","('Unexplored', None, None, None, None, (-1, -1))","('Unexplored', None, None, None, None, (-1, -1))","('Unexplored', None, None, None, None, (-1, -1))"
(2X9),"('Unexplored', None, None, None, None, (-1, -1))","('Unexplored', None, None, None, None, (-1, -1))","('Unexplored', None, None, None, None, (-1, -1))","('Unexplored', None, None, None, None, (-1, -1))","('Unexplored', None, None, None, None, (-1, -1))","('Unexplored', None, None, None, None, (-1, -1))","('Unexplored', None, None, None, None, (-1, -1))","('Unexplored', None, None, None, None, (-1, -1))","('Unexplored', None, None, None, None, (-1, -1))","('Unexplored', None, None, None, None, (-1, -1))"
(3X9),"('Unexplored', None, None, None, None, (-1, -1))","('Unexplored', None, None, None, None, (-1, -1))","('Unexplored', None, None, None, None, (-1, -1))","('Unexplored', None, None, None, None, (-1, -1))","('Unexplored', None, None, None, None, (-1, -1))","('Unexplored', None, None, None, None, (-1, -1))","('Unexplored', None, None, None, None, (-1, -1))","('Unexplored', None, None, None, None, (-1, -1))","('Unexplored', None, None, None, None, (-1, -1))","('Unexplored', None, None, None, None, (-1, -1))"
(4X9),"('Unexplored', None, None, None, None, (-1, -1))","('Unexplored', None, None, None, None, (-1, -1))","('Unexplored', None, None, None, None, (-1, -1))","('Unexplored', None, None, None, None, (-1, -1))","('Unexplored', None, None, None, None, (-1, -1))","('Unexplored', None, None, None, None, (-1, -1))","('Unexplored', None, None, None, None, (-1, -1))","('Unexplored', None, None, None, None, (-1, -1))","('Unexplored', None, None, None, None, (-1, -1))","('Unexplored', None, None, None, None, (-1, -1))"
(5X9),"('Unexplored', None, None, None, None, (-1, -1))","('Unexplored', None, None, None, None, (-1, -1))","('Unexplored', None, None, None, None, (-1, -1))","('Unexplored', None, None, None, None, (-1, -1))","('Unexplored', None, None, None, None, (-1, -1))","('Unexplored', None, None, None, None, (-1, -1))","('Unexplored', None, None, None, None, (-1, -1))","('Unexplored', None, None, None, None, (-1, -1))","('Unexplored', None, None, None, None, (-1, -1))","('Unexplored', None, None, None, None, (-1, -1))"
(6X9),"('Unexplored', None, None, None, None, (-1, -1))","('Unexplored', None, None, None, None, (-1, -1))","('Unexplored', None, None, None, None, (-1, -1))","('Unexplored', None, None, None, None, (-1, -1))","('Unexplored', None, None, None, None, (-1, -1))","('Unexplored', None, None, None, None, (-1, -1))","('Unexplored', None, None, None, None, (-1, -1))","('Unexplored', None, None, None, None, (-1, -1))","('Unexplored', None, None, None, None, (-1, -1))","('Unexplored', None, None, None, None, (-1, -1))"
(7X9),"('Unexplored', None, None, None, None, (-1, -1))","('Unexplored', None, None, None, None, (-1, -1))","('Unexplored', None, None, None, None, (-1, -1))","('Unexplored', None, None, None, None, (-1, -1))","('Unexplored', None, None, None, None, (-1, -1))","('Unexplored', None, None, None, None, (-1, -1))","('Unexplored', None, None, None, None, (-1, -1))","('Unexplored', None, None, None, None, (-1, -1))","('Unexplored', None, None, None, None, (-1, -1))","('Unexplored', None, None, None, None, (-1, -1))"
(8X9),"('Unexplored', None, None, None, None, (-1, -1))","('Unexplored', None, None, None, None, (-1, -1))","('Unexplored', None, None, None, None, (-1, -1))","('Unexplored', None, None, None, None, (-1, -1))","('Unexplored', None, None, None, None, (-1, -1))","('Unexplored', None, None, None, None, (-1, -1))","('Unexplored', None, None, None, None, (-1, -1))","('Unexplored', None, None, None, None, (-1, -1))","('Unexplored', None, None, None, None, (-1, -1))","('Unexplored', None, None, None, None, (-1, -1))"
(9X9),"('Unexplored', None, None, None, None, (-1, -1))","('Unexplored', None, None, None, None, (-1, -1))","('Unexplored', None, None, None, None, (-1, -1))","('Unexplored', None, None, None, None, (-1, -1))","('Unexplored', None, None, None, None, (-1, -1))","('Unexplored', None, None, None, None, (-1, -1))","('Unexplored', None, None, None, None, (-1, -1))","('Unexplored', None, None, None, None, (-1, -1))","('Unexplored', None, None, None, None, (-1, -1))","('Unexplored', None, None, None, None, (-1, -1))"
(10X9),"('Unexplored', None, None, None, None, (-1, -1))","('Unexplored', None, None, None, None, (-1, -1))","('Unexplored', None, None, None, None, (-1, -1))","('Unexplored', None, None, None, None, (-1, -1))","('Unexplored', None, None, None, None, (-1, -1))","('Unexplored', None, None, None, None, (-1, -1))","('Unexplored', None, None, None, None, (-1, -1))","('Unexplored', None, None, None, None, (-1, -1))","('Unexplored', None, None, None, None, (-1, -1))","('Unexplored', None, None, None, None, (-1, -1))"
(1X10),"('Unexplored', None, None, None, None, (-1, -1))","('Unexplored', None, None, None, None, (-1, -1))","('Unexplored', None, None, None, None, (-1, -1))","('Unexplored', None, None, None, None, (-1, -1))","('Unexplored', None, None, None, None, (-1, -1))","('Unexplored', None, None, None, None, (-1, -1))","('Unexplored', None, None, None, None, (-1, -1))","('Unexplored', None, None, None, None, (-1, -1))","('Unexplored', None, None, None, None, (-1, -1))","('Unexplored', None, None, None, None, (-1, -1))"
(2X10),"('Unexplored', None, None, None, None, (-1, -1))","('Unexplored', None, None, None, None, (-1, -1))","('Unexplored', None, None, None, None, (-1, -1))","('Unexplored', None, None, None, None, (-1, -1))","('Unexplored', None, None, None, None, (-1, -1))","('Unexplored', None, None, None, None, (-1, -1))","('Unexplored', None, None, None, None, (-1, -1))","('Unexplored', None, None, None, None, (-1, -1))","('Unexplored', None, None, None, None, (-1, -1))","('Unexplored', None, None, None, None, (-1, -1))"
(3X10),"('Unexplored', None, None, None, None, (-1, -1))","('Unexplored', None, None, None, None, (-1, -1))","('Unexplored', None, None, None, None, (-1, -1))","('Unexplored', None, None, None, None, (-1, -1))","('Unexplored', None, None, None, None, (-1, -1))","('Unexplored', None, None, None, None, (-1, -1))","('Unexplored', None, None, None, None, (-1, -1))","('Unexplored', None, None, None, None, (-1, -1))","('Unexplored', None, None, None, None, (-1, -1))","('Unexplored', None, None, None, None, (-1, -1))"
(4X10),"('Unexplored', None, None, None, None, (-1, -1))","('Unexplored', None, None, None, None, (-1, -1))","('Unexplored', None, None, None, None, (-1, -1))","('Unexplored', None, None, None, None, (-1, -1))","('Unexplored', None, None, None, None, (-1, -1))","('Unexplored', None, None, None, None, (-1, -1))","('Unexplored', None, None, None, None, (-1, -1))","('Unexplored', None, None, None, None, (-1, -1))","('Unexplored', None, None, None, None, (-1, -1))","('Unexplored', None, None, None, None, (-1, -1))"
(5X10),"('Unexplored', None, None, None, None, (-1, -1))","('Unexplored', None, None, None, None, (-1, -1))","('Unexplored', None, None, None, None, (-1, -1))","('Unexplored', None, None, None, None, (-1, -1))","('Unexplored', None, None, None, None, (-1, -1))","('Unexplored', None, None, None, None, (-1, -1))","('Unexplored', None, None, None, None, (-1, -1))","('Unexplored', None, None, None, None, (-1, -1))","('Unexplored', None, None, None, None, (-1, -1))","('Unexplored', None, None, None, None, (-1, -1))"
(6X10),"('Unexplored', None, None, None, None, (-1, -1))","('Unexplored', None, None, None, None, (-1, -1))","('Unexplored', None, None, None, None, (-1, -1))","('Unexplored', None, None, None, None, (-1, -1))","('Unexplored', None, None, None, None, (-1, -1))","('Unexplored', None, None, None, None, (-1, -1))","('Unexplored', None, None, None, None, (-1, -1))","('Unexplored', None, None, None, None, (-1, -1))","('Unexplored', None, None, None, None, (-1, -1))","('Unexplored', None, None, None, None, (-1, -1))"
(7X10),"('Unexplored', None, None, None, None, (-1, -1))","('Unexplored', None, None, None, None, (-1, -1))","('Unexplored', None, None, None, None, (-1, -1))","('Unexplored', None, None, None, None, (-1, -1))","('Unexplored', None, None, None, None, (-1, -1))","('Unexplored', None, None, None, None, (-1, -1))","('Unexplored', None, None, None, None, (-1, -1))","('Unexplored', None, None, None, None, (-1, -1))","('Unexplored', None, None, None, None, (-1, -1))","('Unexplored', None, None, None, None, (-1, -1))"
(8X10),"('Unexplored', None, None, None, None, (-1, -1))","('Unexplored', None, None, None, None, (-1, -1))","('Unexplored', None, None, None, None, (-1, -1))","('Unexplored', None, None, None, None, (-1, -1))","('Unexplored', None, None, None, None, (-1, -1))","('Unexplored', None, None, None, None, (-1, -1))","('Unexplored', None, None, None, None, (-1, -1))","('Unexplored', None, None, None, None, (-1, -1))","('Unexplored', None, None, None, None, (-1, -1))","('Unexplored', None, None, None, None, (-1, -1))"
(9X10),"('Unexplored', None, None, None, None, (-1, -1))","('Unexplored', None, None, None, None, (-1, -1))","('Unexplored', None, None, None, None, (-1, -1))","('Unexplored', None, None, None, None, (-1, -1))","('Unexplored', None, None, None, None, (-1, -1))","('Unexplored', None, None, None, None, (-1, -1))","('Unexplored', None, None, None, None, (-1, -1))","('Unexplored', None, None, None, None, (-1, -1))","('Unexplored', None, None, None, None, (-1, -1))","('Unexplored', None, None, None, None, (-1, -1))"
(10X10),"('Unexplored', None, None, None, None, (-1, -1))","('Unexplored', None, None, None, None, (-1, -1))","('Unexplored', None, None, None, None, (-1, -1))","('Unexplored', None, None, None, None, (-1, -1))","('Unexplored', None, None, None, None, (-1, -1))","('Unexplored', None, None, None, None, (-1, -1))","('Unexplored', None, None, None, None, (-1, -1))","('Unexplored', None, None, None, None, (-1, -1))","('Unexplored', None, None, None, None, (-1, -1))","('Unexplored', None, None, None, None, (-1, -1))"
