iterations,1,2,3,4,5,6,7,8,9
cell,"('status', 'runtime', 'area', 'delay', 'total_power', 'cell')","('status', 'runtime', 'area', 'delay', 'total_power', 'cell')","('status', 'runtime', 'area', 'delay', 'total_power', 'cell')","('status', 'runtime', 'area', 'delay', 'total_power', 'cell')","('status', 'runtime', 'area', 'delay', 'total_power', 'cell')","('status', 'runtime', 'area', 'delay', 'total_power', 'cell')","('status', 'runtime', 'area', 'delay', 'total_power', 'cell')","('status', 'runtime', 'area', 'delay', 'total_power', 'cell')","('status', 'runtime', 'area', 'delay', 'total_power', 'cell')"
(0X1),"('SAT', 34.9155752658844, 73.2108, 0.215881, 2.8504347938000003e-05, (0, 1))","('SAT', 27.46656584739685, 48.8072, 0.21446, 1.6860636606e-05, (0, 1))","('UNSAT', 0.23007488250732422, -1, -1, -1, (0, 1))","('UNSAT', 0.08220601081848145, -1, -1, -1, (0, 1))","('UNSAT', 0.4968907833099365, -1, -1, -1, (0, 1))","('UNSAT', 0.06364035606384277, -1, -1, -1, (0, 1))","('UNSAT', 0.3587305545806885, -1, -1, -1, (0, 1))","('UNSAT', 0.34964418411254883, -1, -1, -1, (0, 1))","('UNSAT', 0.35250258445739746, -1, -1, -1, (0, 1))"
(1X1),"('Unexplored', None, None, None, None, (-1, -1))","('Unexplored', None, None, None, None, (-1, -1))","('UNSAT', 0.31800341606140137, -1, -1, -1, (1, 1))","('UNSAT', 0.6407959461212158, -1, -1, -1, (1, 1))","('UNSAT', 1.1601481437683105, -1, -1, -1, (1, 1))","('SAT', 24.44101881980896, 30.0352, 0.138114, 7.275020379893e-06, (1, 1))","('UNSAT', 8.448906183242798, -1, -1, -1, (1, 1))","('UNSAT', 8.440442085266113, -1, -1, -1, (1, 1))","('UNSAT', 8.366838216781616, -1, -1, -1, (1, 1))"
(2X1),"('Unexplored', None, None, None, None, (-1, -1))","('Unexplored', None, None, None, None, (-1, -1))","('UNSAT', 2.441861629486084, -1, -1, -1, (2, 1))","('UNSAT', 5.907158613204956, -1, -1, -1, (2, 1))","('UNSAT', 7.5612170696258545, -1, -1, -1, (2, 1))","('Unexplored', None, None, None, None, (-1, -1))","('UNSAT', 4.69190788269043, -1, -1, -1, (2, 1))","('UNSAT', 4.742237567901611, -1, -1, -1, (2, 1))","('UNSAT', 4.668752908706665, -1, -1, -1, (2, 1))"
(3X1),"('Unexplored', None, None, None, None, (-1, -1))","('Unexplored', None, None, None, None, (-1, -1))","('UNSAT', 2.474055767059326, -1, -1, -1, (3, 1))","('UNSAT', 2.585362672805786, -1, -1, -1, (3, 1))","('UNSAT', 11.791033506393433, -1, -1, -1, (3, 1))","('Unexplored', None, None, None, None, (-1, -1))","('UNSAT', 9.876462936401367, -1, -1, -1, (3, 1))","('UNSAT', 9.88256287574768, -1, -1, -1, (3, 1))","('UNSAT', 9.98345160484314, -1, -1, -1, (3, 1))"
(4X1),"('Unexplored', None, None, None, None, (-1, -1))","('Unexplored', None, None, None, None, (-1, -1))","('UNSAT', 2.5381863117218018, -1, -1, -1, (4, 1))","('UNSAT', 2.5768237113952637, -1, -1, -1, (4, 1))","('UNSAT', 8.970884799957275, -1, -1, -1, (4, 1))","('Unexplored', None, None, None, None, (-1, -1))","('UNSAT', 8.644660711288452, -1, -1, -1, (4, 1))","('UNSAT', 8.652842998504639, -1, -1, -1, (4, 1))","('UNSAT', 8.557603120803833, -1, -1, -1, (4, 1))"
(5X1),"('Unexplored', None, None, None, None, (-1, -1))","('Unexplored', None, None, None, None, (-1, -1))","('UNSAT', 2.5337352752685547, -1, -1, -1, (5, 1))","('UNSAT', 2.5598113536834717, -1, -1, -1, (5, 1))","('UNSAT', 7.545032501220703, -1, -1, -1, (5, 1))","('Unexplored', None, None, None, None, (-1, -1))","('UNSAT', 9.966886520385742, -1, -1, -1, (5, 1))","('UNSAT', 9.882231712341309, -1, -1, -1, (5, 1))","('UNSAT', 9.850345611572266, -1, -1, -1, (5, 1))"
(6X1),"('Unexplored', None, None, None, None, (-1, -1))","('Unexplored', None, None, None, None, (-1, -1))","('UNSAT', 2.5235657691955566, -1, -1, -1, (6, 1))","('UNSAT', 2.5548102855682373, -1, -1, -1, (6, 1))","('UNSAT', 7.475806951522827, -1, -1, -1, (6, 1))","('Unexplored', None, None, None, None, (-1, -1))","('UNSAT', 9.890106439590454, -1, -1, -1, (6, 1))","('UNSAT', 9.908468246459961, -1, -1, -1, (6, 1))","('UNSAT', 9.768680810928345, -1, -1, -1, (6, 1))"
(7X1),"('Unexplored', None, None, None, None, (-1, -1))","('Unexplored', None, None, None, None, (-1, -1))","('UNSAT', 2.5570318698883057, -1, -1, -1, (7, 1))","('UNSAT', 2.5715601444244385, -1, -1, -1, (7, 1))","('UNSAT', 7.564285516738892, -1, -1, -1, (7, 1))","('Unexplored', None, None, None, None, (-1, -1))","('UNSAT', 9.845749139785767, -1, -1, -1, (7, 1))","('UNSAT', 9.944291114807129, -1, -1, -1, (7, 1))","('UNSAT', 9.842461824417114, -1, -1, -1, (7, 1))"
(8X1),"('Unexplored', None, None, None, None, (-1, -1))","('Unexplored', None, None, None, None, (-1, -1))","('UNSAT', 2.5176429748535156, -1, -1, -1, (8, 1))","('UNSAT', 2.5660297870635986, -1, -1, -1, (8, 1))","('UNSAT', 8.93932056427002, -1, -1, -1, (8, 1))","('Unexplored', None, None, None, None, (-1, -1))","('UNSAT', 8.659049034118652, -1, -1, -1, (8, 1))","('UNSAT', 8.700337409973145, -1, -1, -1, (8, 1))","('UNSAT', 8.614210605621338, -1, -1, -1, (8, 1))"
(9X1),"('Unexplored', None, None, None, None, (-1, -1))","('Unexplored', None, None, None, None, (-1, -1))","('UNSAT', 2.515117645263672, -1, -1, -1, (9, 1))","('UNSAT', 2.5661213397979736, -1, -1, -1, (9, 1))","('UNSAT', 7.536228179931641, -1, -1, -1, (9, 1))","('Unexplored', None, None, None, None, (-1, -1))","('UNSAT', 9.957737445831299, -1, -1, -1, (9, 1))","('UNSAT', 9.927697658538818, -1, -1, -1, (9, 1))","('UNSAT', 9.836981534957886, -1, -1, -1, (9, 1))"
(1X2),"('Unexplored', None, None, None, None, (-1, -1))","('Unexplored', None, None, None, None, (-1, -1))","('UNSAT', 0.5150668621063232, -1, -1, -1, (1, 2))","('UNSAT', 3.1501641273498535, -1, -1, -1, (1, 2))","('UNSAT', 1.1968815326690674, -1, -1, -1, (1, 2))","('Unexplored', None, None, None, None, (-1, -1))","('UNSAT', 4.811032772064209, -1, -1, -1, (1, 2))","('UNSAT', 4.78789758682251, -1, -1, -1, (1, 2))","('UNSAT', 4.756492376327515, -1, -1, -1, (1, 2))"
(2X2),"('Unexplored', None, None, None, None, (-1, -1))","('Unexplored', None, None, None, None, (-1, -1))","('UNSAT', 2.200594186782837, -1, -1, -1, (2, 2))","('UNSAT', 4.983505725860596, -1, -1, -1, (2, 2))","('SAT', 24.48250722885132, 33.7896, 0.138114, 8.942116437537999e-06, (2, 2))","('Unexplored', None, None, None, None, (-1, -1))","('UNSAT', 8.714678287506104, -1, -1, -1, (2, 2))","('UNSAT', 8.596299886703491, -1, -1, -1, (2, 2))","('UNSAT', 8.445767879486084, -1, -1, -1, (2, 2))"
(3X2),"('Unexplored', None, None, None, None, (-1, -1))","('Unexplored', None, None, None, None, (-1, -1))","('SAT', 25.306682586669922, 40.8291, 0.184123, 1.0736159310910001e-05, (3, 2))","('SAT', 25.085529804229736, 33.7896, 0.138114, 8.942116437537999e-06, (3, 2))","('Unexplored', None, None, None, None, (-1, -1))","('Unexplored', None, None, None, None, (-1, -1))","('UNSAT', 7.369349479675293, -1, -1, -1, (3, 2))","('UNSAT', 7.373042821884155, -1, -1, -1, (3, 2))","('UNSAT', 7.259090185165405, -1, -1, -1, (3, 2))"
(4X2),"('Unexplored', None, None, None, None, (-1, -1))","('Unexplored', None, None, None, None, (-1, -1))","('Unexplored', None, None, None, None, (-1, -1))","('Unexplored', None, None, None, None, (-1, -1))","('Unexplored', None, None, None, None, (-1, -1))","('Unexplored', None, None, None, None, (-1, -1))","('UNSAT', 8.536391735076904, -1, -1, -1, (4, 2))","('UNSAT', 8.565216779708862, -1, -1, -1, (4, 2))","('UNSAT', 8.406433343887329, -1, -1, -1, (4, 2))"
(5X2),"('Unexplored', None, None, None, None, (-1, -1))","('Unexplored', None, None, None, None, (-1, -1))","('Unexplored', None, None, None, None, (-1, -1))","('Unexplored', None, None, None, None, (-1, -1))","('Unexplored', None, None, None, None, (-1, -1))","('Unexplored', None, None, None, None, (-1, -1))","('UNSAT', 7.386780738830566, -1, -1, -1, (5, 2))","('UNSAT', 7.418799877166748, -1, -1, -1, (5, 2))","('UNSAT', 7.278010368347168, -1, -1, -1, (5, 2))"
(6X2),"('Unexplored', None, None, None, None, (-1, -1))","('Unexplored', None, None, None, None, (-1, -1))","('Unexplored', None, None, None, None, (-1, -1))","('Unexplored', None, None, None, None, (-1, -1))","('Unexplored', None, None, None, None, (-1, -1))","('Unexplored', None, None, None, None, (-1, -1))","('UNSAT', 7.409972667694092, -1, -1, -1, (6, 2))","('UNSAT', 7.388704299926758, -1, -1, -1, (6, 2))","('UNSAT', 7.31635308265686, -1, -1, -1, (6, 2))"
(7X2),"('Unexplored', None, None, None, None, (-1, -1))","('Unexplored', None, None, None, None, (-1, -1))","('Unexplored', None, None, None, None, (-1, -1))","('Unexplored', None, None, None, None, (-1, -1))","('Unexplored', None, None, None, None, (-1, -1))","('Unexplored', None, None, None, None, (-1, -1))","('UNSAT', 7.4297003746032715, -1, -1, -1, (7, 2))","('UNSAT', 7.398029565811157, -1, -1, -1, (7, 2))","('UNSAT', 7.259878396987915, -1, -1, -1, (7, 2))"
(8X2),"('Unexplored', None, None, None, None, (-1, -1))","('Unexplored', None, None, None, None, (-1, -1))","('Unexplored', None, None, None, None, (-1, -1))","('Unexplored', None, None, None, None, (-1, -1))","('Unexplored', None, None, None, None, (-1, -1))","('Unexplored', None, None, None, None, (-1, -1))","('UNSAT', 8.745956420898438, -1, -1, -1, (8, 2))","('UNSAT', 8.544592142105103, -1, -1, -1, (8, 2))","('UNSAT', 8.393145084381104, -1, -1, -1, (8, 2))"
(9X2),"('Unexplored', None, None, None, None, (-1, -1))","('Unexplored', None, None, None, None, (-1, -1))","('Unexplored', None, None, None, None, (-1, -1))","('Unexplored', None, None, None, None, (-1, -1))","('Unexplored', None, None, None, None, (-1, -1))","('Unexplored', None, None, None, None, (-1, -1))","('UNSAT', 7.450762748718262, -1, -1, -1, (9, 2))","('UNSAT', 7.303992748260498, -1, -1, -1, (9, 2))","('UNSAT', 7.29624080657959, -1, -1, -1, (9, 2))"
(1X3),"('Unexplored', None, None, None, None, (-1, -1))","('Unexplored', None, None, None, None, (-1, -1))","('Unexplored', None, None, None, None, (-1, -1))","('Unexplored', None, None, None, None, (-1, -1))","('Unexplored', None, None, None, None, (-1, -1))","('Unexplored', None, None, None, None, (-1, -1))","('SAT', 22.8614821434021, 30.0352, 0.138114, 7.275019925146e-06, (1, 3))","('SAT', 22.70745301246643, 30.0352, 0.138114, 7.275019925146e-06, (1, 3))","('SAT', 22.817657470703125, 30.0352, 0.138114, 7.275019925146e-06, (1, 3))"
(2X3),"('Unexplored', None, None, None, None, (-1, -1))","('Unexplored', None, None, None, None, (-1, -1))","('Unexplored', None, None, None, None, (-1, -1))","('Unexplored', None, None, None, None, (-1, -1))","('Unexplored', None, None, None, None, (-1, -1))","('Unexplored', None, None, None, None, (-1, -1))","('Unexplored', None, None, None, None, (-1, -1))","('Unexplored', None, None, None, None, (-1, -1))","('Unexplored', None, None, None, None, (-1, -1))"
(3X3),"('Unexplored', None, None, None, None, (-1, -1))","('Unexplored', None, None, None, None, (-1, -1))","('Unexplored', None, None, None, None, (-1, -1))","('Unexplored', None, None, None, None, (-1, -1))","('Unexplored', None, None, None, None, (-1, -1))","('Unexplored', None, None, None, None, (-1, -1))","('Unexplored', None, None, None, None, (-1, -1))","('Unexplored', None, None, None, None, (-1, -1))","('Unexplored', None, None, None, None, (-1, -1))"
(4X3),"('Unexplored', None, None, None, None, (-1, -1))","('Unexplored', None, None, None, None, (-1, -1))","('Unexplored', None, None, None, None, (-1, -1))","('Unexplored', None, None, None, None, (-1, -1))","('Unexplored', None, None, None, None, (-1, -1))","('Unexplored', None, None, None, None, (-1, -1))","('Unexplored', None, None, None, None, (-1, -1))","('Unexplored', None, None, None, None, (-1, -1))","('Unexplored', None, None, None, None, (-1, -1))"
(5X3),"('Unexplored', None, None, None, None, (-1, -1))","('Unexplored', None, None, None, None, (-1, -1))","('Unexplored', None, None, None, None, (-1, -1))","('Unexplored', None, None, None, None, (-1, -1))","('Unexplored', None, None, None, None, (-1, -1))","('Unexplored', None, None, None, None, (-1, -1))","('Unexplored', None, None, None, None, (-1, -1))","('Unexplored', None, None, None, None, (-1, -1))","('Unexplored', None, None, None, None, (-1, -1))"
(6X3),"('Unexplored', None, None, None, None, (-1, -1))","('Unexplored', None, None, None, None, (-1, -1))","('Unexplored', None, None, None, None, (-1, -1))","('Unexplored', None, None, None, None, (-1, -1))","('Unexplored', None, None, None, None, (-1, -1))","('Unexplored', None, None, None, None, (-1, -1))","('Unexplored', None, None, None, None, (-1, -1))","('Unexplored', None, None, None, None, (-1, -1))","('Unexplored', None, None, None, None, (-1, -1))"
(7X3),"('Unexplored', None, None, None, None, (-1, -1))","('Unexplored', None, None, None, None, (-1, -1))","('Unexplored', None, None, None, None, (-1, -1))","('Unexplored', None, None, None, None, (-1, -1))","('Unexplored', None, None, None, None, (-1, -1))","('Unexplored', None, None, None, None, (-1, -1))","('Unexplored', None, None, None, None, (-1, -1))","('Unexplored', None, None, None, None, (-1, -1))","('Unexplored', None, None, None, None, (-1, -1))"
(8X3),"('Unexplored', None, None, None, None, (-1, -1))","('Unexplored', None, None, None, None, (-1, -1))","('Unexplored', None, None, None, None, (-1, -1))","('Unexplored', None, None, None, None, (-1, -1))","('Unexplored', None, None, None, None, (-1, -1))","('Unexplored', None, None, None, None, (-1, -1))","('Unexplored', None, None, None, None, (-1, -1))","('Unexplored', None, None, None, None, (-1, -1))","('Unexplored', None, None, None, None, (-1, -1))"
(9X3),"('Unexplored', None, None, None, None, (-1, -1))","('Unexplored', None, None, None, None, (-1, -1))","('Unexplored', None, None, None, None, (-1, -1))","('Unexplored', None, None, None, None, (-1, -1))","('Unexplored', None, None, None, None, (-1, -1))","('Unexplored', None, None, None, None, (-1, -1))","('Unexplored', None, None, None, None, (-1, -1))","('Unexplored', None, None, None, None, (-1, -1))","('Unexplored', None, None, None, None, (-1, -1))"
(1X4),"('Unexplored', None, None, None, None, (-1, -1))","('Unexplored', None, None, None, None, (-1, -1))","('Unexplored', None, None, None, None, (-1, -1))","('Unexplored', None, None, None, None, (-1, -1))","('Unexplored', None, None, None, None, (-1, -1))","('Unexplored', None, None, None, None, (-1, -1))","('Unexplored', None, None, None, None, (-1, -1))","('Unexplored', None, None, None, None, (-1, -1))","('Unexplored', None, None, None, None, (-1, -1))"
(2X4),"('Unexplored', None, None, None, None, (-1, -1))","('Unexplored', None, None, None, None, (-1, -1))","('Unexplored', None, None, None, None, (-1, -1))","('Unexplored', None, None, None, None, (-1, -1))","('Unexplored', None, None, None, None, (-1, -1))","('Unexplored', None, None, None, None, (-1, -1))","('Unexplored', None, None, None, None, (-1, -1))","('Unexplored', None, None, None, None, (-1, -1))","('Unexplored', None, None, None, None, (-1, -1))"
(3X4),"('Unexplored', None, None, None, None, (-1, -1))","('Unexplored', None, None, None, None, (-1, -1))","('Unexplored', None, None, None, None, (-1, -1))","('Unexplored', None, None, None, None, (-1, -1))","('Unexplored', None, None, None, None, (-1, -1))","('Unexplored', None, None, None, None, (-1, -1))","('Unexplored', None, None, None, None, (-1, -1))","('Unexplored', None, None, None, None, (-1, -1))","('Unexplored', None, None, None, None, (-1, -1))"
(4X4),"('Unexplored', None, None, None, None, (-1, -1))","('Unexplored', None, None, None, None, (-1, -1))","('Unexplored', None, None, None, None, (-1, -1))","('Unexplored', None, None, None, None, (-1, -1))","('Unexplored', None, None, None, None, (-1, -1))","('Unexplored', None, None, None, None, (-1, -1))","('Unexplored', None, None, None, None, (-1, -1))","('Unexplored', None, None, None, None, (-1, -1))","('Unexplored', None, None, None, None, (-1, -1))"
(5X4),"('Unexplored', None, None, None, None, (-1, -1))","('Unexplored', None, None, None, None, (-1, -1))","('Unexplored', None, None, None, None, (-1, -1))","('Unexplored', None, None, None, None, (-1, -1))","('Unexplored', None, None, None, None, (-1, -1))","('Unexplored', None, None, None, None, (-1, -1))","('Unexplored', None, None, None, None, (-1, -1))","('Unexplored', None, None, None, None, (-1, -1))","('Unexplored', None, None, None, None, (-1, -1))"
(6X4),"('Unexplored', None, None, None, None, (-1, -1))","('Unexplored', None, None, None, None, (-1, -1))","('Unexplored', None, None, None, None, (-1, -1))","('Unexplored', None, None, None, None, (-1, -1))","('Unexplored', None, None, None, None, (-1, -1))","('Unexplored', None, None, None, None, (-1, -1))","('Unexplored', None, None, None, None, (-1, -1))","('Unexplored', None, None, None, None, (-1, -1))","('Unexplored', None, None, None, None, (-1, -1))"
(7X4),"('Unexplored', None, None, None, None, (-1, -1))","('Unexplored', None, None, None, None, (-1, -1))","('Unexplored', None, None, None, None, (-1, -1))","('Unexplored', None, None, None, None, (-1, -1))","('Unexplored', None, None, None, None, (-1, -1))","('Unexplored', None, None, None, None, (-1, -1))","('Unexplored', None, None, None, None, (-1, -1))","('Unexplored', None, None, None, None, (-1, -1))","('Unexplored', None, None, None, None, (-1, -1))"
(8X4),"('Unexplored', None, None, None, None, (-1, -1))","('Unexplored', None, None, None, None, (-1, -1))","('Unexplored', None, None, None, None, (-1, -1))","('Unexplored', None, None, None, None, (-1, -1))","('Unexplored', None, None, None, None, (-1, -1))","('Unexplored', None, None, None, None, (-1, -1))","('Unexplored', None, None, None, None, (-1, -1))","('Unexplored', None, None, None, None, (-1, -1))","('Unexplored', None, None, None, None, (-1, -1))"
(9X4),"('Unexplored', None, None, None, None, (-1, -1))","('Unexplored', None, None, None, None, (-1, -1))","('Unexplored', None, None, None, None, (-1, -1))","('Unexplored', None, None, None, None, (-1, -1))","('Unexplored', None, None, None, None, (-1, -1))","('Unexplored', None, None, None, None, (-1, -1))","('Unexplored', None, None, None, None, (-1, -1))","('Unexplored', None, None, None, None, (-1, -1))","('Unexplored', None, None, None, None, (-1, -1))"
(1X5),"('Unexplored', None, None, None, None, (-1, -1))","('Unexplored', None, None, None, None, (-1, -1))","('Unexplored', None, None, None, None, (-1, -1))","('Unexplored', None, None, None, None, (-1, -1))","('Unexplored', None, None, None, None, (-1, -1))","('Unexplored', None, None, None, None, (-1, -1))","('Unexplored', None, None, None, None, (-1, -1))","('Unexplored', None, None, None, None, (-1, -1))","('Unexplored', None, None, None, None, (-1, -1))"
(2X5),"('Unexplored', None, None, None, None, (-1, -1))","('Unexplored', None, None, None, None, (-1, -1))","('Unexplored', None, None, None, None, (-1, -1))","('Unexplored', None, None, None, None, (-1, -1))","('Unexplored', None, None, None, None, (-1, -1))","('Unexplored', None, None, None, None, (-1, -1))","('Unexplored', None, None, None, None, (-1, -1))","('Unexplored', None, None, None, None, (-1, -1))","('Unexplored', None, None, None, None, (-1, -1))"
(3X5),"('Unexplored', None, None, None, None, (-1, -1))","('Unexplored', None, None, None, None, (-1, -1))","('Unexplored', None, None, None, None, (-1, -1))","('Unexplored', None, None, None, None, (-1, -1))","('Unexplored', None, None, None, None, (-1, -1))","('Unexplored', None, None, None, None, (-1, -1))","('Unexplored', None, None, None, None, (-1, -1))","('Unexplored', None, None, None, None, (-1, -1))","('Unexplored', None, None, None, None, (-1, -1))"
(4X5),"('Unexplored', None, None, None, None, (-1, -1))","('Unexplored', None, None, None, None, (-1, -1))","('Unexplored', None, None, None, None, (-1, -1))","('Unexplored', None, None, None, None, (-1, -1))","('Unexplored', None, None, None, None, (-1, -1))","('Unexplored', None, None, None, None, (-1, -1))","('Unexplored', None, None, None, None, (-1, -1))","('Unexplored', None, None, None, None, (-1, -1))","('Unexplored', None, None, None, None, (-1, -1))"
(5X5),"('Unexplored', None, None, None, None, (-1, -1))","('Unexplored', None, None, None, None, (-1, -1))","('Unexplored', None, None, None, None, (-1, -1))","('Unexplored', None, None, None, None, (-1, -1))","('Unexplored', None, None, None, None, (-1, -1))","('Unexplored', None, None, None, None, (-1, -1))","('Unexplored', None, None, None, None, (-1, -1))","('Unexplored', None, None, None, None, (-1, -1))","('Unexplored', None, None, None, None, (-1, -1))"
(6X5),"('Unexplored', None, None, None, None, (-1, -1))","('Unexplored', None, None, None, None, (-1, -1))","('Unexplored', None, None, None, None, (-1, -1))","('Unexplored', None, None, None, None, (-1, -1))","('Unexplored', None, None, None, None, (-1, -1))","('Unexplored', None, None, None, None, (-1, -1))","('Unexplored', None, None, None, None, (-1, -1))","('Unexplored', None, None, None, None, (-1, -1))","('Unexplored', None, None, None, None, (-1, -1))"
(7X5),"('Unexplored', None, None, None, None, (-1, -1))","('Unexplored', None, None, None, None, (-1, -1))","('Unexplored', None, None, None, None, (-1, -1))","('Unexplored', None, None, None, None, (-1, -1))","('Unexplored', None, None, None, None, (-1, -1))","('Unexplored', None, None, None, None, (-1, -1))","('Unexplored', None, None, None, None, (-1, -1))","('Unexplored', None, None, None, None, (-1, -1))","('Unexplored', None, None, None, None, (-1, -1))"
(8X5),"('Unexplored', None, None, None, None, (-1, -1))","('Unexplored', None, None, None, None, (-1, -1))","('Unexplored', None, None, None, None, (-1, -1))","('Unexplored', None, None, None, None, (-1, -1))","('Unexplored', None, None, None, None, (-1, -1))","('Unexplored', None, None, None, None, (-1, -1))","('Unexplored', None, None, None, None, (-1, -1))","('Unexplored', None, None, None, None, (-1, -1))","('Unexplored', None, None, None, None, (-1, -1))"
(9X5),"('Unexplored', None, None, None, None, (-1, -1))","('Unexplored', None, None, None, None, (-1, -1))","('Unexplored', None, None, None, None, (-1, -1))","('Unexplored', None, None, None, None, (-1, -1))","('Unexplored', None, None, None, None, (-1, -1))","('Unexplored', None, None, None, None, (-1, -1))","('Unexplored', None, None, None, None, (-1, -1))","('Unexplored', None, None, None, None, (-1, -1))","('Unexplored', None, None, None, None, (-1, -1))"
(1X6),"('Unexplored', None, None, None, None, (-1, -1))","('Unexplored', None, None, None, None, (-1, -1))","('Unexplored', None, None, None, None, (-1, -1))","('Unexplored', None, None, None, None, (-1, -1))","('Unexplored', None, None, None, None, (-1, -1))","('Unexplored', None, None, None, None, (-1, -1))","('Unexplored', None, None, None, None, (-1, -1))","('Unexplored', None, None, None, None, (-1, -1))","('Unexplored', None, None, None, None, (-1, -1))"
(2X6),"('Unexplored', None, None, None, None, (-1, -1))","('Unexplored', None, None, None, None, (-1, -1))","('Unexplored', None, None, None, None, (-1, -1))","('Unexplored', None, None, None, None, (-1, -1))","('Unexplored', None, None, None, None, (-1, -1))","('Unexplored', None, None, None, None, (-1, -1))","('Unexplored', None, None, None, None, (-1, -1))","('Unexplored', None, None, None, None, (-1, -1))","('Unexplored', None, None, None, None, (-1, -1))"
(3X6),"('Unexplored', None, None, None, None, (-1, -1))","('Unexplored', None, None, None, None, (-1, -1))","('Unexplored', None, None, None, None, (-1, -1))","('Unexplored', None, None, None, None, (-1, -1))","('Unexplored', None, None, None, None, (-1, -1))","('Unexplored', None, None, None, None, (-1, -1))","('Unexplored', None, None, None, None, (-1, -1))","('Unexplored', None, None, None, None, (-1, -1))","('Unexplored', None, None, None, None, (-1, -1))"
(4X6),"('Unexplored', None, None, None, None, (-1, -1))","('Unexplored', None, None, None, None, (-1, -1))","('Unexplored', None, None, None, None, (-1, -1))","('Unexplored', None, None, None, None, (-1, -1))","('Unexplored', None, None, None, None, (-1, -1))","('Unexplored', None, None, None, None, (-1, -1))","('Unexplored', None, None, None, None, (-1, -1))","('Unexplored', None, None, None, None, (-1, -1))","('Unexplored', None, None, None, None, (-1, -1))"
(5X6),"('Unexplored', None, None, None, None, (-1, -1))","('Unexplored', None, None, None, None, (-1, -1))","('Unexplored', None, None, None, None, (-1, -1))","('Unexplored', None, None, None, None, (-1, -1))","('Unexplored', None, None, None, None, (-1, -1))","('Unexplored', None, None, None, None, (-1, -1))","('Unexplored', None, None, None, None, (-1, -1))","('Unexplored', None, None, None, None, (-1, -1))","('Unexplored', None, None, None, None, (-1, -1))"
(6X6),"('Unexplored', None, None, None, None, (-1, -1))","('Unexplored', None, None, None, None, (-1, -1))","('Unexplored', None, None, None, None, (-1, -1))","('Unexplored', None, None, None, None, (-1, -1))","('Unexplored', None, None, None, None, (-1, -1))","('Unexplored', None, None, None, None, (-1, -1))","('Unexplored', None, None, None, None, (-1, -1))","('Unexplored', None, None, None, None, (-1, -1))","('Unexplored', None, None, None, None, (-1, -1))"
(7X6),"('Unexplored', None, None, None, None, (-1, -1))","('Unexplored', None, None, None, None, (-1, -1))","('Unexplored', None, None, None, None, (-1, -1))","('Unexplored', None, None, None, None, (-1, -1))","('Unexplored', None, None, None, None, (-1, -1))","('Unexplored', None, None, None, None, (-1, -1))","('Unexplored', None, None, None, None, (-1, -1))","('Unexplored', None, None, None, None, (-1, -1))","('Unexplored', None, None, None, None, (-1, -1))"
(8X6),"('Unexplored', None, None, None, None, (-1, -1))","('Unexplored', None, None, None, None, (-1, -1))","('Unexplored', None, None, None, None, (-1, -1))","('Unexplored', None, None, None, None, (-1, -1))","('Unexplored', None, None, None, None, (-1, -1))","('Unexplored', None, None, None, None, (-1, -1))","('Unexplored', None, None, None, None, (-1, -1))","('Unexplored', None, None, None, None, (-1, -1))","('Unexplored', None, None, None, None, (-1, -1))"
(9X6),"('Unexplored', None, None, None, None, (-1, -1))","('Unexplored', None, None, None, None, (-1, -1))","('Unexplored', None, None, None, None, (-1, -1))","('Unexplored', None, None, None, None, (-1, -1))","('Unexplored', None, None, None, None, (-1, -1))","('Unexplored', None, None, None, None, (-1, -1))","('Unexplored', None, None, None, None, (-1, -1))","('Unexplored', None, None, None, None, (-1, -1))","('Unexplored', None, None, None, None, (-1, -1))"
(1X7),"('Unexplored', None, None, None, None, (-1, -1))","('Unexplored', None, None, None, None, (-1, -1))","('Unexplored', None, None, None, None, (-1, -1))","('Unexplored', None, None, None, None, (-1, -1))","('Unexplored', None, None, None, None, (-1, -1))","('Unexplored', None, None, None, None, (-1, -1))","('Unexplored', None, None, None, None, (-1, -1))","('Unexplored', None, None, None, None, (-1, -1))","('Unexplored', None, None, None, None, (-1, -1))"
(2X7),"('Unexplored', None, None, None, None, (-1, -1))","('Unexplored', None, None, None, None, (-1, -1))","('Unexplored', None, None, None, None, (-1, -1))","('Unexplored', None, None, None, None, (-1, -1))","('Unexplored', None, None, None, None, (-1, -1))","('Unexplored', None, None, None, None, (-1, -1))","('Unexplored', None, None, None, None, (-1, -1))","('Unexplored', None, None, None, None, (-1, -1))","('Unexplored', None, None, None, None, (-1, -1))"
(3X7),"('Unexplored', None, None, None, None, (-1, -1))","('Unexplored', None, None, None, None, (-1, -1))","('Unexplored', None, None, None, None, (-1, -1))","('Unexplored', None, None, None, None, (-1, -1))","('Unexplored', None, None, None, None, (-1, -1))","('Unexplored', None, None, None, None, (-1, -1))","('Unexplored', None, None, None, None, (-1, -1))","('Unexplored', None, None, None, None, (-1, -1))","('Unexplored', None, None, None, None, (-1, -1))"
(4X7),"('Unexplored', None, None, None, None, (-1, -1))","('Unexplored', None, None, None, None, (-1, -1))","('Unexplored', None, None, None, None, (-1, -1))","('Unexplored', None, None, None, None, (-1, -1))","('Unexplored', None, None, None, None, (-1, -1))","('Unexplored', None, None, None, None, (-1, -1))","('Unexplored', None, None, None, None, (-1, -1))","('Unexplored', None, None, None, None, (-1, -1))","('Unexplored', None, None, None, None, (-1, -1))"
(5X7),"('Unexplored', None, None, None, None, (-1, -1))","('Unexplored', None, None, None, None, (-1, -1))","('Unexplored', None, None, None, None, (-1, -1))","('Unexplored', None, None, None, None, (-1, -1))","('Unexplored', None, None, None, None, (-1, -1))","('Unexplored', None, None, None, None, (-1, -1))","('Unexplored', None, None, None, None, (-1, -1))","('Unexplored', None, None, None, None, (-1, -1))","('Unexplored', None, None, None, None, (-1, -1))"
(6X7),"('Unexplored', None, None, None, None, (-1, -1))","('Unexplored', None, None, None, None, (-1, -1))","('Unexplored', None, None, None, None, (-1, -1))","('Unexplored', None, None, None, None, (-1, -1))","('Unexplored', None, None, None, None, (-1, -1))","('Unexplored', None, None, None, None, (-1, -1))","('Unexplored', None, None, None, None, (-1, -1))","('Unexplored', None, None, None, None, (-1, -1))","('Unexplored', None, None, None, None, (-1, -1))"
(7X7),"('Unexplored', None, None, None, None, (-1, -1))","('Unexplored', None, None, None, None, (-1, -1))","('Unexplored', None, None, None, None, (-1, -1))","('Unexplored', None, None, None, None, (-1, -1))","('Unexplored', None, None, None, None, (-1, -1))","('Unexplored', None, None, None, None, (-1, -1))","('Unexplored', None, None, None, None, (-1, -1))","('Unexplored', None, None, None, None, (-1, -1))","('Unexplored', None, None, None, None, (-1, -1))"
(8X7),"('Unexplored', None, None, None, None, (-1, -1))","('Unexplored', None, None, None, None, (-1, -1))","('Unexplored', None, None, None, None, (-1, -1))","('Unexplored', None, None, None, None, (-1, -1))","('Unexplored', None, None, None, None, (-1, -1))","('Unexplored', None, None, None, None, (-1, -1))","('Unexplored', None, None, None, None, (-1, -1))","('Unexplored', None, None, None, None, (-1, -1))","('Unexplored', None, None, None, None, (-1, -1))"
(9X7),"('Unexplored', None, None, None, None, (-1, -1))","('Unexplored', None, None, None, None, (-1, -1))","('Unexplored', None, None, None, None, (-1, -1))","('Unexplored', None, None, None, None, (-1, -1))","('Unexplored', None, None, None, None, (-1, -1))","('Unexplored', None, None, None, None, (-1, -1))","('Unexplored', None, None, None, None, (-1, -1))","('Unexplored', None, None, None, None, (-1, -1))","('Unexplored', None, None, None, None, (-1, -1))"
(1X8),"('Unexplored', None, None, None, None, (-1, -1))","('Unexplored', None, None, None, None, (-1, -1))","('Unexplored', None, None, None, None, (-1, -1))","('Unexplored', None, None, None, None, (-1, -1))","('Unexplored', None, None, None, None, (-1, -1))","('Unexplored', None, None, None, None, (-1, -1))","('Unexplored', None, None, None, None, (-1, -1))","('Unexplored', None, None, None, None, (-1, -1))","('Unexplored', None, None, None, None, (-1, -1))"
(2X8),"('Unexplored', None, None, None, None, (-1, -1))","('Unexplored', None, None, None, None, (-1, -1))","('Unexplored', None, None, None, None, (-1, -1))","('Unexplored', None, None, None, None, (-1, -1))","('Unexplored', None, None, None, None, (-1, -1))","('Unexplored', None, None, None, None, (-1, -1))","('Unexplored', None, None, None, None, (-1, -1))","('Unexplored', None, None, None, None, (-1, -1))","('Unexplored', None, None, None, None, (-1, -1))"
(3X8),"('Unexplored', None, None, None, None, (-1, -1))","('Unexplored', None, None, None, None, (-1, -1))","('Unexplored', None, None, None, None, (-1, -1))","('Unexplored', None, None, None, None, (-1, -1))","('Unexplored', None, None, None, None, (-1, -1))","('Unexplored', None, None, None, None, (-1, -1))","('Unexplored', None, None, None, None, (-1, -1))","('Unexplored', None, None, None, None, (-1, -1))","('Unexplored', None, None, None, None, (-1, -1))"
(4X8),"('Unexplored', None, None, None, None, (-1, -1))","('Unexplored', None, None, None, None, (-1, -1))","('Unexplored', None, None, None, None, (-1, -1))","('Unexplored', None, None, None, None, (-1, -1))","('Unexplored', None, None, None, None, (-1, -1))","('Unexplored', None, None, None, None, (-1, -1))","('Unexplored', None, None, None, None, (-1, -1))","('Unexplored', None, None, None, None, (-1, -1))","('Unexplored', None, None, None, None, (-1, -1))"
(5X8),"('Unexplored', None, None, None, None, (-1, -1))","('Unexplored', None, None, None, None, (-1, -1))","('Unexplored', None, None, None, None, (-1, -1))","('Unexplored', None, None, None, None, (-1, -1))","('Unexplored', None, None, None, None, (-1, -1))","('Unexplored', None, None, None, None, (-1, -1))","('Unexplored', None, None, None, None, (-1, -1))","('Unexplored', None, None, None, None, (-1, -1))","('Unexplored', None, None, None, None, (-1, -1))"
(6X8),"('Unexplored', None, None, None, None, (-1, -1))","('Unexplored', None, None, None, None, (-1, -1))","('Unexplored', None, None, None, None, (-1, -1))","('Unexplored', None, None, None, None, (-1, -1))","('Unexplored', None, None, None, None, (-1, -1))","('Unexplored', None, None, None, None, (-1, -1))","('Unexplored', None, None, None, None, (-1, -1))","('Unexplored', None, None, None, None, (-1, -1))","('Unexplored', None, None, None, None, (-1, -1))"
(7X8),"('Unexplored', None, None, None, None, (-1, -1))","('Unexplored', None, None, None, None, (-1, -1))","('Unexplored', None, None, None, None, (-1, -1))","('Unexplored', None, None, None, None, (-1, -1))","('Unexplored', None, None, None, None, (-1, -1))","('Unexplored', None, None, None, None, (-1, -1))","('Unexplored', None, None, None, None, (-1, -1))","('Unexplored', None, None, None, None, (-1, -1))","('Unexplored', None, None, None, None, (-1, -1))"
(8X8),"('Unexplored', None, None, None, None, (-1, -1))","('Unexplored', None, None, None, None, (-1, -1))","('Unexplored', None, None, None, None, (-1, -1))","('Unexplored', None, None, None, None, (-1, -1))","('Unexplored', None, None, None, None, (-1, -1))","('Unexplored', None, None, None, None, (-1, -1))","('Unexplored', None, None, None, None, (-1, -1))","('Unexplored', None, None, None, None, (-1, -1))","('Unexplored', None, None, None, None, (-1, -1))"
(9X8),"('Unexplored', None, None, None, None, (-1, -1))","('Unexplored', None, None, None, None, (-1, -1))","('Unexplored', None, None, None, None, (-1, -1))","('Unexplored', None, None, None, None, (-1, -1))","('Unexplored', None, None, None, None, (-1, -1))","('Unexplored', None, None, None, None, (-1, -1))","('Unexplored', None, None, None, None, (-1, -1))","('Unexplored', None, None, None, None, (-1, -1))","('Unexplored', None, None, None, None, (-1, -1))"
(1X9),"('Unexplored', None, None, None, None, (-1, -1))","('Unexplored', None, None, None, None, (-1, -1))","('Unexplored', None, None, None, None, (-1, -1))","('Unexplored', None, None, None, None, (-1, -1))","('Unexplored', None, None, None, None, (-1, -1))","('Unexplored', None, None, None, None, (-1, -1))","('Unexplored', None, None, None, None, (-1, -1))","('Unexplored', None, None, None, None, (-1, -1))","('Unexplored', None, None, None, None, (-1, -1))"
(2X9),"('Unexplored', None, None, None, None, (-1, -1))","('Unexplored', None, None, None, None, (-1, -1))","('Unexplored', None, None, None, None, (-1, -1))","('Unexplored', None, None, None, None, (-1, -1))","('Unexplored', None, None, None, None, (-1, -1))","('Unexplored', None, None, None, None, (-1, -1))","('Unexplored', None, None, None, None, (-1, -1))","('Unexplored', None, None, None, None, (-1, -1))","('Unexplored', None, None, None, None, (-1, -1))"
(3X9),"('Unexplored', None, None, None, None, (-1, -1))","('Unexplored', None, None, None, None, (-1, -1))","('Unexplored', None, None, None, None, (-1, -1))","('Unexplored', None, None, None, None, (-1, -1))","('Unexplored', None, None, None, None, (-1, -1))","('Unexplored', None, None, None, None, (-1, -1))","('Unexplored', None, None, None, None, (-1, -1))","('Unexplored', None, None, None, None, (-1, -1))","('Unexplored', None, None, None, None, (-1, -1))"
(4X9),"('Unexplored', None, None, None, None, (-1, -1))","('Unexplored', None, None, None, None, (-1, -1))","('Unexplored', None, None, None, None, (-1, -1))","('Unexplored', None, None, None, None, (-1, -1))","('Unexplored', None, None, None, None, (-1, -1))","('Unexplored', None, None, None, None, (-1, -1))","('Unexplored', None, None, None, None, (-1, -1))","('Unexplored', None, None, None, None, (-1, -1))","('Unexplored', None, None, None, None, (-1, -1))"
(5X9),"('Unexplored', None, None, None, None, (-1, -1))","('Unexplored', None, None, None, None, (-1, -1))","('Unexplored', None, None, None, None, (-1, -1))","('Unexplored', None, None, None, None, (-1, -1))","('Unexplored', None, None, None, None, (-1, -1))","('Unexplored', None, None, None, None, (-1, -1))","('Unexplored', None, None, None, None, (-1, -1))","('Unexplored', None, None, None, None, (-1, -1))","('Unexplored', None, None, None, None, (-1, -1))"
(6X9),"('Unexplored', None, None, None, None, (-1, -1))","('Unexplored', None, None, None, None, (-1, -1))","('Unexplored', None, None, None, None, (-1, -1))","('Unexplored', None, None, None, None, (-1, -1))","('Unexplored', None, None, None, None, (-1, -1))","('Unexplored', None, None, None, None, (-1, -1))","('Unexplored', None, None, None, None, (-1, -1))","('Unexplored', None, None, None, None, (-1, -1))","('Unexplored', None, None, None, None, (-1, -1))"
(7X9),"('Unexplored', None, None, None, None, (-1, -1))","('Unexplored', None, None, None, None, (-1, -1))","('Unexplored', None, None, None, None, (-1, -1))","('Unexplored', None, None, None, None, (-1, -1))","('Unexplored', None, None, None, None, (-1, -1))","('Unexplored', None, None, None, None, (-1, -1))","('Unexplored', None, None, None, None, (-1, -1))","('Unexplored', None, None, None, None, (-1, -1))","('Unexplored', None, None, None, None, (-1, -1))"
(8X9),"('Unexplored', None, None, None, None, (-1, -1))","('Unexplored', None, None, None, None, (-1, -1))","('Unexplored', None, None, None, None, (-1, -1))","('Unexplored', None, None, None, None, (-1, -1))","('Unexplored', None, None, None, None, (-1, -1))","('Unexplored', None, None, None, None, (-1, -1))","('Unexplored', None, None, None, None, (-1, -1))","('Unexplored', None, None, None, None, (-1, -1))","('Unexplored', None, None, None, None, (-1, -1))"
(9X9),"('Unexplored', None, None, None, None, (-1, -1))","('Unexplored', None, None, None, None, (-1, -1))","('Unexplored', None, None, None, None, (-1, -1))","('Unexplored', None, None, None, None, (-1, -1))","('Unexplored', None, None, None, None, (-1, -1))","('Unexplored', None, None, None, None, (-1, -1))","('Unexplored', None, None, None, None, (-1, -1))","('Unexplored', None, None, None, None, (-1, -1))","('Unexplored', None, None, None, None, (-1, -1))"
